id,created_at,respondent_id,age,gender,income,location,fast-food-frequency,education,brand-recall,brand-recognition,price-guess,dce,past-use,vigniette
47,2025-04-13 09:49:03.704122+00,21,23,mezczyzna,5000-7500,miasto-500,rzadziej-niz-raz-w-miesiacu,w-trakcie-studiow,"[""McDonalds"",""Burger king"",""Popeyes"",""KFC"",""Subway"",""max burger"",""wendys"",""taco bell"",""five guys"",""north fish""]","[""kfc"",""burger king"",""mcdonalds"",""subway"",""taco bell"",""wendys"",""max burger"",""popeyes""]","[""17"",""20"",""33""]","[""3"",""3"",""1"",""3"",""1"",""2""]","[""mcdonalds"",""burger king"",""kfc"",""subway"",""max burgers""]",read
48,2025-04-13 10:11:30.391262+00,56,24,mezczyzna,powyzej-10000,miasto-500,rzadziej-niz-raz-w-miesiacu,wyzsze,"[""KFC macdonald burger king""]","[""Kfc"",""Burger king"",""Macdonald"",""Subway"",""Nie wiem"",""Nie wiem"",""Nie wiem"",""Nie wiem""]","[""20"",""20"",""30""]","[""4"",""4"",""4"",""4"",""4"",""4""]","[""mcdonalds"",""kfc""]",read
49,2025-04-13 10:12:45.964388+00,3,26,kobieta,5000-7500,miasto-500,rzadziej-niz-raz-w-miesiacu,wyzsze,"[""McDonald's, Subway, KFC, Burger King""]","[""kfc"",""nie wiem"",""McDonald's "",""subway"",""nie wiem"",""nie wiem"",""nie wiem"",""nie wiem""]","[""22"",""20"",""35""]","[""4"",""4"",""4"",""4"",""4"",""4""]","[""mcdonalds"",""burger king"",""kfc"",""subway"",""north fish"",""five guys""]",read
50,2025-04-13 10:12:56.185875+00,151,24,kobieta,5000-7500,miasto-500,raz-w-tygodniu,wyzsze,"[""McDonald, kfc, subway, burgerking, maxburgers""]","[""Kfc"",""Burgerking"",""Mc Donald "",""Subway "",""Nie wiem "",""Nie wiem "",""Max burgers"",""Poppeyes""]","[""20"",""20"",""25""]","[""1"",""2"",""2"",""1"",""2"",""3""]","[""mcdonalds"",""burger king"",""kfc"",""subway"",""max burgers"",""popeyes"",""five guys""]",read
53,2025-04-13 10:13:38.09364+00,98,24,kobieta,1000-2500,miasto-150-500,czesciej-niz-raz-w-tygodniu,w-trakcie-studiow,"[""KFC, McDonald’s, Subway, Burger King, Wendy’s, Max Burgers""]","[""Kfc"",""Burger King "",""McDonald’s"",""Subway"",""TacoBell"",""Wendy’s"",""Max Burgers"",""Nie wiem""]","[""25"",""25"",""30""]","[""1"",""2"",""3"",""3"",""2"",""1""]","[""mcdonalds"",""burger king"",""kfc"",""subway"",""max burgers"",""north fish"",""popeyes""]",read
54,2025-04-13 10:13:42.535047+00,89,23,kobieta,2500-5000,miasto-500,rzadziej-niz-raz-w-miesiacu,wyzsze,"[""McDonald"",""KFC"",""Popeyes"",""Max Burger"",""Pizza Hut"",""Burger King"",""North Fish"",""Bobby Burger"",""Wendy's"",""Taco Bell""]","[""KFC"",""Burger King"",""McDonald"",""Subway"",""Taco Bell"",""Wendy's"",""Max Burger"",""Nie wiem""]","[""28"",""28"",""40""]","[""3"",""1"",""2"",""1"",""3"",""2""]","[""mcdonalds"",""burger king"",""kfc""]",read
55,2025-04-13 10:14:20.680763+00,165,23,inne,2500-5000,miasto-500,raz-w-miesiacu,wyzsze,"[""McDonald's"",""KFC"",""Subway"",""Thai Wok"",""northfish"",""Silver Dragon"",""Burger King"",""Max Burgers"",""Pasibus"",""Popeye's"",""Taco Bell"",""Pizza Hut"",""Domino's"",""Papa John's""]","[""kfc"",""burger king "",""McDonald's "",""Subway "",""Taco Bell "",""Wendy's "",""Max Burgers "",""Popeye's ""]","[""25"",""20"",""30""]","[""1"",""3"",""3"",""2"",""1"",""2""]","[""wendys"",""kfc"",""mcdonalds"",""burger king"",""subway"",""max burgers"",""north fish""]",read
56,2025-04-13 10:14:26.325375+00,18,23,mezczyzna,powyzej-10000,miast-50,raz-w-miesiacu,w-trakcie-studiow,"[""Mcdonalds, kfc, Burger King, max burgera, Wendys, 5 guys,""]","[""Kfc"",""Burger king "",""Mc donalds"",""Subway"",""Taco bell"",""Wendys"",""Max premium burgers "",""Nie wiem""]","[""15"",""30"",""30""]","[""1"",""3"",""1"",""2"",""1"",""2""]","[""mcdonalds"",""burger king"",""kfc"",""max burgers""]",read
57,2025-04-13 10:14:42.431235+00,134,28,kobieta,5000-7500,miasto-500,raz-w-miesiacu,wyzsze,"[""McDonald's burger King, Wendys, KFC, Subway""]","[""Kfc"",""Burger King "",""McDonald's "",""Subway"",""TacoBell"",""Wendys"",""Max Burger"",""Nie wiem""]","[""15"",""25"",""25""]","[""4"",""4"",""4"",""4"",""4"",""4""]","[""mcdonalds"",""burger king"",""wendys"",""kfc"",""subway"",""max burgers"",""north fish"",""five guys""]",read
58,2025-04-13 10:14:51.108192+00,185,23,kobieta,1000-2500,miasto-500,raz-w-miesiacu,w-trakcie-studiow,"[""McDonald"",""KFC"",""Burger King"",""North Fish""]","[""KFC"",""Burger King "",""McDonald’s"",""Subway"",""Nie wiem "",""Nie wiem "",""MaxBurgers"",""Nie wiem ""]","[""12"",""20"",""25""]","[""3"",""3"",""3"",""1"",""1"",""3""]","[""mcdonalds"",""burger king"",""kfc"",""north fish""]",read
59,2025-04-13 10:15:15.205041+00,191,23,kobieta,2500-5000,miasto-500,raz-w-miesiacu,w-trakcie-studiow,"[""mcdonalds"",""kfc"",""burger king"",""popeyes"",""pizza hut"",""telepizza"",""dominos pizza""]","[""kfc"",""burger king"",""mcdonalds"",""subway"",""nie wiem"",""nie wiem"",""max burger"",""popeyes""]","[""20"",""26"",""25""]","[""4"",""4"",""4"",""4"",""4"",""4""]","[""mcdonalds"",""kfc""]",read
60,2025-04-13 10:15:50.315783+00,163,23,kobieta,2500-5000,miasto-500,raz-w-miesiacu,wyzsze,"[""McDonald"",""MaxBurger"",""Subway"",""KFC"",""Dunkin Donuts"",""Thai Wok"",""Five Guys"",""Chuck E Cheese"",""Chipotle"",""SaladStory""]","[""KFC"",""Burger King"",""McDonald"",""Subway"",""nie wiem"",""Wendy's"",""MaxBurger"",""nie wiem""]","[""25"",""20"",""35""]","[""4"",""3"",""3"",""2"",""1"",""1""]","[""mcdonalds"",""burger king"",""kfc"",""subway"",""max burgers""]",read
61,2025-04-13 10:15:58.208212+00,23,25,kobieta,5000-7500,miasto-500,raz-w-miesiacu,w-trakcie-studiow,"[""mcdonald, kfc, max burgers, north fish, burger king""]","[""kfc"",""burger king"",""mc donald"",""subway"",""nie wiem"",""nie wiem"",""max burgers"",""nie wiem""]","[""34"",""25"",""47""]","[""3"",""2"",""3"",""3"",""2"",""1""]","[""mcdonalds"",""burger king"",""kfc"",""subway"",""max burgers"",""north fish"",""five guys""]",read
62,2025-04-13 10:16:33.486113+00,85,29,mezczyzna,5000-7500,miasto-500,raz-w-miesiacu,wyzsze,"[""McDonald's, KFC, Burger King, Subway""]","[""KFC"",""Burger King"",""McDonald's "",""Subway "",""Chicken Bell"",""Nie wiem"",""Premium Max Burger "",""Louisiana Kitchen""]","[""24.99"",""26.99"",""32.99""]","[""2"",""2"",""3"",""3"",""1"",""1""]","[""mcdonalds"",""burger king"",""kfc"",""subway"",""north fish""]",read
63,2025-04-13 10:19:17.964766+00,195,25,inne,ponizej-1000,wies,rzadziej-niz-raz-w-miesiacu,wyzsze,"[""Popeye"",""McDonald"",""KFC"",""Burger King"",""Subway"",""7Eleven""]","[""kfc"",""burger King "",""McDonald's "",""subway"",""nie wiem "",""Wendy's"",""nie wiem "",""nie wiem ""]","[""25"",""24"",""35""]","[""2"",""2"",""3"",""3"",""2"",""1""]","[""mcdonalds"",""burger king"",""kfc"",""subway"",""north fish""]",read
64,2025-04-13 10:21:28.751472+00,187,23,inne,5000-7500,miasto-500,raz-w-tygodniu,w-trakcie-studiow,"[""mcdonald, kfc, max burgers, popeyes, subway, burger king, thai wok,"",""five guys, in n out,""]","[""kfc"",""burger king "",""mcdonald "",""subway "",""taco bell "",""wendy’s "",""burger max "",""popeyes ""]","[""23"",""25"",""38""]","[""1"",""3"",""2"",""2"",""1"",""3""]","[""mcdonalds"",""kfc"",""subway"",""max burgers"",""north fish"",""popeyes""]",read
65,2025-04-13 10:21:51.321385+00,47,24,mezczyzna,7500-10000,miasto-500,raz-w-tygodniu,w-trakcie-studiow,"[""Mcdonalds, kfc, burger king, popeyes, taco bell, subway""]","[""Kfc"",""Popeyes"",""Mcdonalds"",""Subway"",""Taco bell"",""Wendys"",""Max premium burgers"",""Nie wiem""]","[""20"",""24"",""33""]","[""2"",""3"",""1"",""3"",""3"",""2""]","[""mcdonalds"",""burger king"",""kfc"",""max burgers"",""north fish"",""popeyes""]",read
66,2025-04-13 10:24:27.161671+00,4,23,kobieta,ponizej-1000,miasto-50-150,rzadziej-niz-raz-w-miesiacu,wyzsze,"[""McDonald, KFC, Wendy's, max burger, Popeye, taco bell, burger king, pizza hut, dominos, top pizza,""]","[""Kfc"",""Burger king"",""Mcdonalds"",""Subway"",""Taco bell"",""Wendys"",""Max burger"",""Nie wiem""]","[""25"",""29"",""40""]","[""4"",""3"",""4"",""3"",""1"",""2""]","[""mcdonalds"",""burger king"",""kfc""]",read
67,2025-04-13 10:25:37.285266+00,2,27,mezczyzna,2500-5000,miasto-500,czesciej-niz-raz-w-tygodniu,wyzsze,"[""McDonalds, KFC, Burger King, Subway, Popeyes, Wendy's, Chipotle, Kebab King, Thai Wok, NorthFish, SaladStory, Marche, Pasibus,""]","[""KFC"",""Burger King"",""McDonald's "",""Subway"",""Taco Bell"",""Wendy's "",""Max Premium Burger"",""Popeye's ""]","[""13.90"",""11.90"",""36.99""]","[""2"",""3"",""3"",""2"",""2"",""2""]","[""mcdonalds"",""burger king"",""kfc"",""subway"",""max burgers"",""north fish"",""popeyes""]",read
75,2025-04-13 10:25:45.031667+00,68,24,kobieta,2500-5000,miasto-500,rzadziej-niz-raz-w-miesiacu,wyzsze,"[""McDonald, Subway, KFC, Burger King, Maxx""]","[""KFC"",""Burger king "",""McDonald "",""Subway"",""TacoBell"",""Wendy's"",""Max"",""Lousiana Kitchen""]","[""10"",""10"",""15""]","[""1"",""1"",""3"",""3"",""1"",""1""]","[""mcdonalds"",""burger king"",""kfc"",""subway"",""max burgers"",""five guys""]",read
76,2025-04-13 10:26:30.230213+00,118,24,mezczyzna,ponizej-1000,miasto-500,raz-w-miesiacu,w-trakcie-studiow,"[""KFC, McDonald's, Burger King, Subway""]","[""KFC"",""Burger King"",""McDonald's"",""Subway"",""nie wiem"",""nie wiem"",""nie wiem"",""nie wiem""]","[""15"",""25"",""40""]","[""4"",""4"",""4"",""4"",""4"",""4""]","[""mcdonalds"",""burger king"",""kfc""]",read
77,2025-04-13 10:27:43.165718+00,178,24,kobieta,1000-2500,miasto-500,raz-w-tygodniu,w-trakcie-studiow,"[""Mcdonalds"",""Burger King"",""KFC"",""Poppeyes"",""Subway""]","[""KFC"",""Burger King"",""Mcdonalds"",""Subway"",""Taco Bell"",""Wendys"",""MAX Burger"",""Poppeyes""]","[""18"",""16"",""28""]","[""3"",""1"",""2"",""1"",""2"",""3""]","[""mcdonalds"",""burger king"",""kfc"",""subway"",""max burgers""]",read
78,2025-04-13 10:30:29.97989+00,29,25,kobieta,1000-2500,miasto-500,raz-w-tygodniu,wyzsze,"[""McDonald's, popayes, KFC, taco bell,""]","[""KFC "",""Burger King "",""McDonald's "",""Subway"",""Taco bell "",""Wendy's "",""Max burger "",""Popayes ""]","[""25"",""20"",""35""]","[""3"",""2"",""3"",""2"",""3"",""2""]","[""subway"",""mcdonalds"",""burger king"",""kfc"",""max burgers"",""north fish"",""popeyes""]",read
80,2025-04-13 10:31:20.724153+00,38,27,kobieta,5000-7500,miasto-500,rzadziej-niz-raz-w-miesiacu,wyzsze,"[""McDonald’s, KFC, Burger King, max premium burgers, north fish, pasibus, salad story, Thai wok, silver dragon""]","[""KFC"",""Burger King "",""McDonald’s "",""Subway"",""nie wiem"",""nie wiem "",""Max premium burgers"",""Nando’s""]","[""28"",""28"",""35""]","[""4"",""4"",""1"",""2"",""1"",""2""]","[""mcdonalds"",""burger king"",""kfc"",""subway"",""north fish""]",read
81,2025-04-13 10:34:08.501409+00,7,25,kobieta,2500-5000,miasto-500,raz-w-miesiacu,wyzsze,"[""Max burgers"",""Mcdonalds"",""KFC"",""Taco bell"",""Burger king"",""Wendys""]","[""KFC "",""Nie wiem "",""Mcdonalds "",""Subway "",""Taco bell "",""Wendys "",""Max burger "",""Nie wiem ""]","[""20"",""20"",""40""]","[""4"",""4"",""4"",""4"",""4"",""4""]","[""mcdonalds"",""burger king"",""kfc"",""subway"",""max burgers"",""north fish""]",read
82,2025-04-13 10:34:42.987719+00,9,27,kobieta,2500-5000,miasto-500,raz-w-miesiacu,wyzsze,"[""mcdonald"",""kfc"",""burgerking"",""subway"",""kebabking"",""amir""]","[""kfc"",""burgerking"",""mcdonald"",""subway"",""nie wiem"",""nie wiem"",""max"",""nie wiem""]","[""20"",""25"",""35""]","[""2"",""4"",""2"",""1"",""3"",""2""]","[""mcdonalds"",""kfc"",""subway"",""max burgers""]",read
83,2025-04-13 10:35:35.756734+00,25,24,mezczyzna,1000-2500,miasto-50-150,rzadziej-niz-raz-w-miesiacu,w-trakcie-studiow,"[""McDonald's"",""KFC"",""Wendy's"",""Burger King"",""Subway"",""Max Burger"",""Matsuya"",""Mosu Burger"",""Kura Sushi"",""Sushiro""]","[""KFC"",""nie wiem"",""McDonald's "",""Subway "",""Taco bell"",""Wendy's "",""Max Burger "",""nie wiem ""]","[""20"",""25"",""29""]","[""2"",""1"",""2"",""3"",""1"",""3""]","[""mcdonalds"",""burger king"",""wendys"",""kfc"",""subway"",""max burgers"",""north fish""]",read
84,2025-04-13 10:39:22.826336+00,175,24,mezczyzna,1000-2500,miasto-500,raz-w-miesiacu,wyzsze,"[""McDonald's, KFC, Burger King, Subway""]","[""KFC"",""Nie wiem"",""McDonald's"",""Subway"",""Nie wiem"",""Nie wiem"",""MmmMax?"",""Nie wiem""]","[""18.99"",""21.99"",""25.99""]","[""2"",""4"",""2"",""1"",""4"",""3""]","[""mcdonalds"",""kfc"",""north fish"",""burger king""]",read
85,2025-04-13 10:39:23.731232+00,136,23,kobieta,1000-2500,wies,raz-w-miesiacu,w-trakcie-studiow,"[""McDonald's, Burger King, Subway, Pizza Hut, Domino's Pizza, KFC, Wendy's, Taco Bell, Popeye's""]","[""KFC"",""Burger King"",""McDonald's "",""Subway"",""Taco Bell"",""Wendy's"",""Max Burger"",""Nie wiem ""]","[""20.00"",""18.00"",""32.00""]","[""1"",""4"",""2"",""1"",""3"",""3""]","[""mcdonalds"",""burger king"",""kfc"",""subway""]",read
86,2025-04-13 10:39:32.012708+00,169,28,kobieta,5000-7500,miasto-500,rzadziej-niz-raz-w-miesiacu,wyzsze,"[""McDonald"",""Kfc"",""Burger King""]","[""Kfc"",""Burger king"",""McDonald "",""Subway"",""Nie wiem"",""Nie wiem"",""Nie wiem"",""Nie wiem""]","[""30"",""30"",""50""]","[""4"",""4"",""4"",""4"",""4"",""4""]","[""mcdonalds"",""kfc"",""subway""]",read
89,2025-04-13 10:40:10.451668+00,90,33,kobieta,2500-5000,miasto-500,raz-w-miesiacu,wyzsze,"[""Mc Donalda , kfc, pizza hut , subway , Burger king ,""]","[""Kfc"",""Burger king "",""Mc donald"",""Subway "",""Nie wiem "",""Nie wiem"",""Max Burger "",""Nie wiem""]","[""22"",""25"",""30""]","[""1"",""3"",""3"",""3"",""3"",""3""]","[""mcdonalds"",""burger king"",""kfc"",""subway""]",read
90,2025-04-13 10:41:05.999622+00,172,27,inne,2500-5000,wies,raz-w-miesiacu,wyzsze,"[""mcdonalds, burger king, kfc, popeye's, maxiburger, pasibus""]","[""kfc"",""burger king"",""mcdonalds"",""subway"",""taco bell"",""wendy's"",""Max burgers"",""popeye's""]","[""25"",""30"",""33""]","[""2"",""1"",""3"",""3"",""1"",""1""]","[""mcdonalds"",""burger king"",""kfc"",""subway"",""max burgers"",""north fish""]",read
91,2025-04-13 10:42:28.651018+00,86,24,kobieta,2500-5000,miast-50,raz-w-miesiacu,w-trakcie-studiow,"[""Kfc McDonald Burger King kebab king trust Burger pizza""]","[""Kfc"",""Burger king"",""Mc donald"",""Subway"",""Nie wiem"",""Nie wiem"",""Max Burger? Nie wiem"",""Nie wiem""]","[""22"",""22"",""30""]","[""4"",""4"",""4"",""4"",""4"",""4""]","[""mcdonalds"",""burger king"",""kfc""]",read
93,2025-04-13 10:42:43.015915+00,64,23,kobieta,1000-2500,miasto-500,raz-w-miesiacu,wyzsze,"[""McDonalds"",""KFC"",""Popeyes"",""Pizza Hut"",""Burger King"",""Taco Bell"",""Wendy’s"",""Kebab King"",""Subway"",""Panda express"",""Thai Wok"",""Da Grasso"",""Max Burger""]","[""KFC"",""Burger King"",""McDonalds "",""Subway"",""Taco Bell"",""Wendy’s "",""Max Burger "",""Popeyes ""]","[""20"",""20"",""32""]","[""4"",""4"",""4"",""4"",""4"",""4""]","[""mcdonalds"",""burger king"",""kfc"",""subway"",""max burgers"",""popeyes"",""five guys""]",read
94,2025-04-13 10:43:27.898031+00,153,24,kobieta,1000-2500,miasto-500,raz-w-tygodniu,wyzsze,"[""Mcdonalds"",""KFC"",""Popeyes"",""Bruger King"",""Pizza Hut"",""Taco Bell"",""Max burger""]","[""KFC"",""Burger king"",""Mcdonalds"",""Subway"",""Taco Bell"",""Wendys"",""Max burger"",""Popeyes""]","[""24"",""23"",""29""]","[""3"",""1"",""1"",""3"",""2"",""2""]","[""mcdonalds"",""burger king"",""kfc"",""subway"",""north fish"",""popeyes""]",read
95,2025-04-13 10:43:31.401878+00,179,23,kobieta,2500-5000,wies,raz-w-miesiacu,w-trakcie-studiow,"[""Kfc""]","[""Kfc"",""Burger king"",""Mcdonalds"",""Subway"",""Nie wiem"",""Nie wiem"",""Burger max"",""Popeyes""]","[""24"",""20"",""35""]","[""4"",""4"",""2"",""4"",""4"",""4""]","[""mcdonalds"",""burger king"",""kfc"",""subway"",""max burgers"",""north fish"",""popeyes""]",read
97,2025-04-13 10:44:34.01391+00,100,23,kobieta,2500-5000,miasto-50-150,raz-w-tygodniu,w-trakcie-studiow,"[""KFC, Mcdonald's""]","[""KFC"",""Burger King"",""McDonald's"",""Subway"",""Nie wiem "",""Nie wiem "",""Max Premium Burgers"",""Nie wiem ""]","[""32"",""35"",""45""]","[""3"",""1"",""4"",""4"",""4"",""4""]","[""mcdonalds"",""burger king"",""kfc"",""subway"",""max burgers"",""north fish""]",read
98,2025-04-13 10:48:04.354252+00,146,23,kobieta,2500-5000,miast-50,czesciej-niz-raz-w-tygodniu,w-trakcie-studiow,"[""McDonald's"",""Wendy’s"",""Kfc"",""Burger King"",""In n out"",""Kebab King"",""Raising canes"",""Pizza Hut"",""Dairy Queen"",""Dominos"",""Dunkin Donuts"",""Five guys"",""Jollibee"",""Max burgers"",""North fish"",""Pasibus"",""Popeyes"",""Subway"",""Taco bell"",""Da grasso"",""Panda Express""]","[""Kfc"",""Burger King "",""Mcdonalds "",""Subway"",""Taco bell"",""Wendy’s "",""Max burgers "",""Popeyes""]","[""24"",""27"",""32""]","[""4"",""2"",""3"",""2"",""1"",""1""]","[""mcdonalds"",""burger king"",""kfc"",""subway"",""max burgers"",""popeyes""]",read
99,2025-04-13 10:48:33.779559+00,12,24,kobieta,5000-7500,miasto-500,rzadziej-niz-raz-w-miesiacu,wyzsze,"[""mcdonalds"",""kfc"",""burgerking"",""max burger"",""subway""]","[""kfc"",""burger king"",""mcdonald's"",""subway"",""taco bell"",""wendy's"",""max burgers"",""nie wiem""]","[""35"",""28"",""38""]","[""4"",""4"",""4"",""4"",""4"",""4""]","[""mcdonalds"",""max burgers"",""kfc""]",read
101,2025-04-13 10:48:35.137023+00,62,25,mezczyzna,5000-7500,miasto-500,raz-w-tygodniu,wyzsze,"[""Mcdonald’s, KFC, Popeyes, Wendys, Sonic, Taco Bell, FiveGuys, In-n-Out, ShakeShack, Panda Express, Checkers, Raising Caines, Loteria, Arbys, Chipotle, Whataburger, Jolebee, White Castle, Max Premium Burgers, Kebab King, Pizza Hit, Dominos, Little Ceaser’s, Dodo Pizza, Zahir Kebab, Chick-Fill-A, Wing Stop, Burger King i nie chce mi się dalej pisać, znam dużo""]","[""KFC"",""Burger King"",""Mcdonalds"",""Subway"",""Taco Bell"",""Wendys"",""Max Premium Burgers"",""Popeyes""]","[""20"",""26"",""32""]","[""2"",""3"",""1"",""3"",""3"",""2""]","[""mcdonalds"",""burger king"",""wendys"",""kfc"",""subway"",""max burgers"",""popeyes"",""five guys""]",read
102,2025-04-13 10:49:01.149947+00,57,24,kobieta,1000-2500,miasto-500,raz-w-tygodniu,wyzsze,"[""McDonald's"",""MAX BURGER"",""Burger King"",""KFC"",""Kebab king"",""Pizza hut"",""Popeyes"",""Pasibus"",""Dominos pizza"",""Tele pizza"",""Subway"",""5 guys"",""Taco bell"",""Wendy's"",""In-n-out burger"",""Dunkin donuts"",""Starbucks"",""Costa coffee""]","[""KFC"",""Burger king"",""McDonald's"",""Subway"",""Taco bell"",""Wendy's"",""Max premium burgers"",""Popeye's""]","[""25"",""26"",""34""]","[""3"",""2"",""1"",""3"",""1"",""2""]","[""mcdonalds"",""burger king"",""kfc"",""subway"",""max burgers"",""five guys""]",read
103,2025-04-13 10:49:41.01147+00,27,24,kobieta,2500-5000,miasto-500,rzadziej-niz-raz-w-miesiacu,w-trakcie-studiow,"[""McDonald's, Burger King, Subway, Taco Bell, KFC, Pizza Hut""]","[""KFC"",""Burger King"",""McDonald's"",""Subway"",""Taco Bell"",""Wendy's"",""Max"",""nie wiem""]","[""32"",""32"",""35""]","[""4"",""1"",""3"",""3"",""1"",""3""]","[""mcdonalds"",""burger king"",""kfc"",""subway"",""max burgers"",""five guys""]",read
104,2025-04-13 10:50:05.379785+00,10,23,kobieta,ponizej-1000,miasto-500,rzadziej-niz-raz-w-miesiacu,w-trakcie-studiow,"[""McDonald's"",""KFC"",""Burger King"",""Subway""]","[""KFC "",""Nie wiem "",""McDonald's "",""Subway "",""Nie wiem "",""Nie wiem "",""Nie wiem "",""Nie wiem ""]","[""15"",""23"",""25""]","[""4"",""4"",""4"",""1"",""3"",""4""]","[""subway"",""mcdonalds""]",read
105,2025-04-13 10:50:41.939241+00,152,35,kobieta,powyzej-10000,miasto-500,rzadziej-niz-raz-w-miesiacu,wyzsze,"[""McDonalds"",""Burger King"",""KFC"",""Subway""]","[""KFC"",""Nie wiem"",""McDonalds"",""Subway"",""Nie wiem"",""Nie wiem"",""Max Burgers"",""Nie wiem""]","[""15"",""16"",""25""]","[""4"",""4"",""4"",""4"",""4"",""4""]","[""mcdonalds"",""burger king"",""kfc"",""subway"",""max burgers"",""north fish""]",read
107,2025-04-13 10:52:51.172987+00,188,24,mezczyzna,ponizej-1000,wies,raz-w-tygodniu,w-trakcie-studiow,"[""Mcdonalds, KFC, Popeyes, Jollibee, Burger King, Kebab King,""]","[""kfc"",""Burger King "",""McDonald's "",""Subway "",""Chic fil A"",""Wendy's"",""Max Burger"",""Popeyes ""]","[""12"",""15"",""30""]","[""3"",""3"",""1"",""2"",""1"",""2""]","[""mcdonalds"",""burger king"",""kfc""]",read
108,2025-04-13 10:57:21.343762+00,60,23,mezczyzna,ponizej-1000,miasto-500,rzadziej-niz-raz-w-miesiacu,w-trakcie-studiow,"[""KFC, McDonald’s, Burger King, Pizza Hut, Max Burger, Popeye""]","[""KFC"",""Burger King "",""McDonald "",""Subway"",""Nie wiem"",""Nie wiem"",""Max Burger"",""Popeye""]","[""15"",""25"",""30""]","[""3"",""2"",""4"",""4"",""2"",""1""]","[""mcdonalds"",""burger king"",""kfc"",""subway"",""max burgers""]",read
109,2025-04-13 10:57:31.54584+00,167,23,mezczyzna,2500-5000,miasto-500,raz-w-miesiacu,wyzsze,"[""Mcdonalds, KFC, Burger King, Popeyes, Taco Bell, Wendy’s, Subway, Chipotle, Pizza Hut, Dominos, Dunkin Donuts, Five Guys, Papa Johns""]","[""KFC "",""KFC"",""McDonalds "",""Subway "",""Taco Bell"",""Wendys "",""Max Burger "",""Popeyes ""]","[""24"",""25"",""30""]","[""2"",""3"",""4"",""3"",""3"",""2""]","[""mcdonalds"",""burger king"",""kfc"",""subway"",""max burgers""]",read
136,2025-04-13 10:59:45.516421+00,46,24,kobieta,1000-2500,miasto-500,rzadziej-niz-raz-w-miesiacu,w-trakcie-studiow,"[""McDonald’s, Burger King, In-n-Out, Panda Express, KFC, Max Burgers, Popeyes, Taco Bell""]","[""KFC"",""Burger King"",""McDonald’s "",""Subway"",""Taco Bell"",""Nie wiem"",""Max Burgers"",""Popeyes""]","[""20"",""25"",""35""]","[""3"",""2"",""1"",""1"",""3"",""1""]","[""mcdonalds"",""burger king"",""kfc"",""subway"",""max burgers""]",read
137,2025-04-13 11:00:51.626958+00,149,23,kobieta,1000-2500,miasto-500,raz-w-miesiacu,wyzsze,"[""McDonald's, KFC, Wendy, white castle, taco bell, burger king, max,""]","[""KFC"",""burger king"",""McDonald's "",""subway"",""taco bell"",""wendy"",""Max"",""nie wiem""]","[""15"",""20"",""18""]","[""2"",""3"",""2"",""2"",""1"",""3""]","[""mcdonalds"",""burger king"",""kfc"",""max burgers""]",read
138,2025-04-13 11:06:44.440863+00,162,30,inne,2500-5000,miasto-500,raz-w-miesiacu,wyzsze,"[""McDonald, KFC, pizza hut""]","[""KFC "",""Burger King "",""Macdonald "",""Sabway"",""Nie wiem"",""Nie wiem"",""Nie wiem"",""Nie wiem""]","[""30"",""28"",""35""]","[""4"",""4"",""4"",""4"",""4"",""4""]","[""mcdonalds"",""burger king"",""kfc"",""subway"",""north fish""]",read
139,2025-04-13 11:07:21.207021+00,123,24,kobieta,ponizej-1000,miasto-500,raz-w-tygodniu,w-trakcie-studiow,"[""McDonald's"",""KFC"",""Pizza Hut"",""Telepizza"",""Domino's"",""Da Grasso"",""Popeyes"",""Chick-fil-A"",""Kebab King"",""Doner Kebab"",""Amrit Kebab"",""Subway"",""Taco Bell"",""Panda Express"",""Sonic"",""Burger King""]","[""KFC"",""Burger King"",""McDonald's"",""Subway"",""Taco Bell"",""Wendy's"",""Max Burger"",""Popeyes""]","[""23"",""25"",""30""]","[""4"",""4"",""4"",""4"",""4"",""4""]","[""mcdonalds"",""kfc""]",read
140,2025-04-13 11:07:36.329286+00,72,29,mezczyzna,powyzej-10000,miasto-500,rzadziej-niz-raz-w-miesiacu,wyzsze,"[""McDonald's, KFC, Pizza hut, Bobby Burger, Max Premium Burgers, ...""]","[""KFC"",""Nie wiem"",""McDonald's "",""Subway"",""Nie wiem"",""Nie wiem"",""Max Premium Burgers "",""Nie wiem""]","[""18.99"",""18.99"",""20.99""]","[""1"",""2"",""3"",""1"",""2"",""2""]","[""mcdonalds"",""burger king"",""kfc"",""subway"",""max burgers""]",read
141,2025-04-13 11:08:27.180987+00,155,24,kobieta,1000-2500,miasto-500,raz-w-tygodniu,wyzsze,"[""Mcdonalds"",""Subway"",""KFC""]","[""KFC"",""Burger King "",""Mcdonalds"",""Subway"",""Nie wiem "",""Nie wiem "",""Max Burger "",""Nie wiem ""]","[""15"",""20"",""20""]","[""4"",""4"",""4"",""4"",""4"",""4""]","[""mcdonalds"",""kfc"",""subway""]",read
143,2025-04-13 11:12:02.407653+00,114,23,mezczyzna,1000-2500,miast-50,raz-w-miesiacu,wyzsze,"[""McDonald's"",""KFC"",""Kebab King"",""Burger King"",""Wendy's"",""Bobby Burger"",""Popeye's"",""Taco Bell"",""Żabka (?)"",""Orlen (?)""]","[""KFC"",""Burger King"",""McDonald's "",""Nie wiem"",""Taco Bell"",""Wendy's "",""Max Burgers"",""Nie wiem""]","[""28"",""30"",""35""]","[""1"",""3"",""2"",""1"",""4"",""1""]","[""mcdonalds"",""kfc"",""burger king""]",read
144,2025-04-13 11:17:18.674824+00,1,24,kobieta,1000-2500,wies,raz-w-tygodniu,w-trakcie-studiow,"[""Kfc"",""McDonald’s"",""Wendy’s"",""Popeyes"",""Burger king"",""North fish"",""Pasibus""]","[""Kfc"",""Burger king"",""McDonald’s "",""Subway"",""Taco bell"",""Wendy’s "",""Max burgers"",""Popeyes""]","[""12"",""15"",""30""]","[""2"",""4"",""2"",""1"",""3"",""4""]","[""mcdonalds"",""burger king"",""kfc"",""max burgers"",""north fish"",""popeyes"",""five guys""]",read
145,2025-04-13 11:21:19.30395+00,71,29,kobieta,2500-5000,miasto-500,rzadziej-niz-raz-w-miesiacu,wyzsze,"[""McDonald's, KFC""]","[""KFC"",""nie wiem "",""McDonald's "",""subway"",""nie wiem "",""nie wiem "",""BurgerMax"",""nie wiem ""]","[""15"",""18"",""26""]","[""2"",""2"",""1"",""3"",""3"",""1""]","[""mcdonalds"",""kfc"",""north fish""]",read
146,2025-04-13 11:25:26.596342+00,80,30,kobieta,5000-7500,miasto-500,rzadziej-niz-raz-w-miesiacu,wyzsze,"[""Mcdonalds, KFC, burger king, subway, chińskie knajpy typu Silver dragon, taco bell""]","[""Kfc"",""Nie wiem "",""Mcdonalds "",""Subway "",""Taco bell"",""Nie wiem "",""Burger max"",""Nie wiem ""]","[""25"",""25"",""21""]","[""4"",""4"",""3"",""3"",""2"",""1""]","[""mcdonalds"",""burger king"",""kfc"",""subway"",""north fish""]",read
147,2025-04-13 11:28:18.681377+00,161,24,mezczyzna,5000-7500,miasto-500,raz-w-tygodniu,w-trakcie-studiow,"[""McDonald"",""KFC"",""Popeyes"",""BurgerKing"",""Subway""]","[""KFC"",""Burger King"",""McDonald's"",""Subway"",""Taco Bell"",""Wedneys?"",""Max Premium Burgers"",""Popeyes""]","[""24"",""22"",""32""]","[""3"",""1"",""1"",""3"",""2"",""1""]","[""mcdonalds"",""burger king"",""kfc"",""subway"",""max burgers"",""popeyes"",""five guys""]",read
148,2025-04-13 11:29:42.854802+00,31,24,mezczyzna,ponizej-1000,miast-50,raz-w-tygodniu,w-trakcie-studiow,"[""McDonald's, KFC, Burger King, Poppies, Subway, Pizza Hut, Dominos, North Fish, Döner Kebab,""]","[""KFC"",""Burger King"",""McDonald's"",""Subway"",""Nie wiem"",""Nie wiem"",""MAX"",""Nie wiem""]","[""20"",""28"",""28""]","[""2"",""3"",""1"",""1"",""1"",""2""]","[""mcdonalds"",""burger king"",""kfc"",""subway"",""max burgers"",""north fish""]",read
149,2025-04-13 11:31:52.801242+00,154,42,kobieta,7500-10000,miasto-500,raz-w-miesiacu,wyzsze,"[""McDonalds"",""KFC""]","[""KFC"",""nie wiem"",""McDonalds"",""Subway"",""nie wiem"",""nie wiem"",""nie wiem"",""nie wiem""]","[""21"",""25"",""38""]","[""2"",""4"",""4"",""3"",""4"",""4""]","[""mcdonalds"",""kfc"",""subway""]",read
150,2025-04-13 11:35:38.06737+00,40,29,kobieta,2500-5000,miasto-150-500,raz-w-miesiacu,wyzsze,"[""McDonald's, KFC, Burger King, Subway""]","[""KFC"",""Burger King"",""McDonald's"",""Subway"",""Nie wiem"",""Nie wiem"",""Max Premium Burgers"",""Nie wiem""]","[""15"",""25"",""50""]","[""2"",""2"",""3"",""1"",""2"",""1""]","[""mcdonalds"",""burger king"",""kfc"",""subway""]",read
151,2025-04-13 11:36:32.703768+00,52,23,kobieta,5000-7500,miasto-500,rzadziej-niz-raz-w-miesiacu,w-trakcie-studiow,"[""mcdonald, taco bell, wendys, papays, kebab king, burgerking, salad story, subway""]","[""kfc"",""burger king"",""mcdonald"",""subway"",""taco bell"",""wendys"",""burger max"",""nie wiem""]","[""20"",""20"",""29""]","[""1"",""2"",""4"",""1"",""3"",""4""]","[""mcdonalds"",""wendys"",""popeyes"",""subway"",""kfc"",""burger king"",""max burgers""]",read
152,2025-04-13 11:43:58.934901+00,108,23,mezczyzna,1000-2500,miast-50,raz-w-miesiacu,w-trakcie-studiow,"[""McDonald"",""KFC"",""Popeyes"",""MaxBurgers""]","[""KFC"",""Nie wiem."",""McDonald"",""Subway"",""Taco Bell"",""Nie wiem."",""MAX Burgers"",""Popeyes""]","[""20"",""24"",""30""]","[""1"",""1"",""3"",""1"",""2"",""2""]","[""mcdonalds"",""kfc"",""max burgers"",""popeyes""]",read
153,2025-04-13 11:44:28.163647+00,95,23,kobieta,ponizej-1000,miasto-500,rzadziej-niz-raz-w-miesiacu,wyzsze,"[""MacDonalds, KFC, Subway""]","[""KFC"",""Burger King"",""MacDonalds "",""Subway"",""TacoBell"",""Wendy's"",""Nie wiem "",""Nie wiem ""]","[""35"",""38"",""40""]","[""4"",""1"",""4"",""1"",""2"",""2""]","[""mcdonalds"",""north fish""]",read
154,2025-04-13 11:45:52.156568+00,19,30,kobieta,5000-7500,miasto-500,raz-w-tygodniu,wyzsze,"[""McDonald's, KFC, Subway, Burgerking""]","[""KFC"",""Nie wiem"",""McDonald's"",""Subway"",""Nie wiem"",""Nie wiem"",""Nie wiem"",""Nie wiem""]","[""16"",""20"",""36""]","[""2"",""1"",""2"",""1"",""3"",""3""]","[""mcdonalds"",""burger king"",""kfc"",""subway"",""north fish""]",read
155,2025-04-13 11:50:02.824223+00,111,24,kobieta,1000-2500,miasto-500,czesciej-niz-raz-w-tygodniu,w-trakcie-studiow,"[""mcdonalds"",""kfc"",""popeyes"",""subway"",""burger king"",""max burger"",""taco bell"",""pizza hut""]","[""kfc"",""burger king"",""mcdonalds"",""subway"",""nie wiem "",""wendys"",""max burger"",""nie wiem ""]","[""20"",""15"",""35""]","[""1"",""4"",""3"",""4"",""2"",""4""]","[""mcdonalds"",""burger king"",""kfc"",""subway"",""north fish"",""popeyes""]",read
156,2025-04-13 11:50:14.324842+00,176,24,kobieta,2500-5000,wies,raz-w-miesiacu,wyzsze,"[""Mcdonalds"",""Subway"",""Burgerking"",""KFC""]","[""KFC"",""Burger King"",""McDonald’s"",""Subway"",""TacoBell"",""Wendy’s"",""Nie wiem"",""Nie wiem""]","[""18"",""25"",""30""]","[""3"",""1"",""2"",""1"",""2"",""3""]","[""mcdonalds"",""burger king"",""kfc"",""subway"",""max burgers""]",read
157,2025-04-13 11:54:25.77356+00,14,28,kobieta,ponizej-1000,miasto-500,rzadziej-niz-raz-w-miesiacu,wyzsze,"[""McDonalds, KFC, Hesburger, Subway, Burger King, Chipotle, MaxBurgers, TacoBell, SaladStory, Fresh and Go""]","[""Kfc"",""Burger King "",""McDonalds "",""Subway"",""Tacobell"",""Wendies"",""MaxBurgers "",""Nie wiem""]","[""30"",""25"",""39""]","[""4"",""4"",""4"",""4"",""4"",""4""]","[""mcdonalds"",""kfc"",""subway"",""max burgers""]",read
158,2025-04-13 12:01:43.951422+00,109,24,kobieta,2500-5000,miasto-500,rzadziej-niz-raz-w-miesiacu,w-trakcie-studiow,"[""McDonald"",""KFC"",""Burger King"",""Efez"",""Subway"",""Pizza hut"",""Taco Bell""]","[""KFC "",""Burger king"",""McDonald "",""Subway"",""Taco Bell "",""Wendy’s "",""Nie wiem "",""Nie wiem""]","[""25"",""20"",""35""]","[""1"",""2"",""4"",""3"",""4"",""1""]","[""mcdonalds"",""kfc""]",read
159,2025-04-13 12:37:09.096499+00,32,23,mezczyzna,5000-7500,miasto-500,rzadziej-niz-raz-w-miesiacu,w-trakcie-studiow,"[""McDonald's"",""KFC"",""Subway"",""Burger King"",""North Fish""]","[""KFC"",""Burger King"",""McDonald's"",""Subway"",""Nie wiem"",""Nie wiem"",""Nie wiem"",""Nie wiem""]","[""20"",""25"",""30""]","[""4"",""4"",""4"",""4"",""4"",""4""]","[""mcdonalds"",""kfc"",""subway"",""north fish""]",read
160,2025-04-13 12:54:19.23306+00,55,24,kobieta,2500-5000,miasto-500,raz-w-miesiacu,wyzsze,"[""Mcdonald""]","[""Kfc"",""Burger king"",""Mcdonald"",""Subway"",""Tacobell"",""Wendeye"",""Max burgers"",""Nie wiem""]","[""22"",""26"",""36""]","[""3"",""2"",""1"",""3"",""1"",""2""]","[""mcdonalds"",""burger king"",""wendys"",""kfc"",""subway"",""max burgers"",""north fish"",""five guys""]",read
161,2025-04-13 12:58:35.11366+00,119,23,kobieta,ponizej-1000,miasto-500,rzadziej-niz-raz-w-miesiacu,wyzsze,"[""Pizza Hut"",""McDonald’s"",""KFC"",""Subway"",""Burgrt"",""Burger King"",""Taco Bell""]","[""KFC"",""Burger King"",""McDonald’s"",""Subway"",""Taco Bell"",""Wendy’s"",""Max Burger"",""Nie wiem""]","[""23"",""25"",""36""]","[""1"",""1"",""3"",""4"",""2"",""4""]","[""mcdonalds"",""kfc"",""subway"",""north fish""]",read
162,2025-04-13 13:01:58.139856+00,198,30,kobieta,5000-7500,miasto-500,raz-w-miesiacu,wyzsze,"[""McDonalds, KFC, Burger King, Kebab King, Amrit Kebab""]","[""KFC"",""nie wiem "",""McDonalds"",""nie wiem "",""nie wiem "",""nie wiem "",""Max Burgers"",""nie wiem""]","[""30"",""30"",""60""]","[""3"",""4"",""4"",""4"",""4"",""4""]","[""mcdonalds"",""burger king"",""kfc"",""subway"",""max burgers"",""north fish""]",read
163,2025-04-13 13:13:32.917683+00,22,24,mezczyzna,2500-5000,miasto-50-150,raz-w-tygodniu,wyzsze,"[""mcDonalds"",""KFC"",""burger king"",""max burgers"",""kebab king"",""arby's"",""five guys""]","[""kfc"",""burger king"",""mcd"",""subway"",""taco bell"",""wendy's"",""max burgers"",""popeyes""]","[""21"",""23"",""40""]","[""2"",""3"",""1"",""3"",""1"",""2""]","[""mcdonalds"",""burger king"",""kfc"",""subway"",""max burgers"",""north fish""]",read
164,2025-04-13 13:14:58.856373+00,67,23,kobieta,5000-7500,miasto-500,rzadziej-niz-raz-w-miesiacu,w-trakcie-studiow,"[""McDonald, KFC, Five guys, oTacos, Subway, Burger King,""]","[""Kfc"",""Burger king"",""McDonald "",""Nie wiem"",""Nie wiem"",""Nie wiem"",""Burger max"",""Nie wiem""]","[""28"",""33"",""34""]","[""1"",""2"",""1"",""3"",""1"",""2""]","[""mcdonalds"",""burger king"",""kfc"",""subway""]",read
165,2025-04-13 13:16:10.803999+00,70,25,mezczyzna,5000-7500,miasto-50-150,raz-w-tygodniu,w-trakcie-studiow,"[""McDonald"",""Popeyes"",""KFC"",""Burger King"",""Wendys"",""Taco Bell"",""Jollibee"",""Dairy Queen"",""Domino's Pizza"",""Dunkin' Donuts"",""Pizza Hut""]","[""KFC"",""Burger King"",""MC Donald"",""Subway"",""Taco Bell"",""Wendy's"",""Max Burger"",""Popeye's""]","[""20"",""25"",""30""]","[""1"",""3"",""3"",""2"",""2"",""1""]","[""mcdonalds"",""burger king"",""kfc"",""popeyes"",""max burgers"",""subway""]",read
166,2025-04-13 13:30:23.469671+00,173,29,kobieta,2500-5000,miasto-500,rzadziej-niz-raz-w-miesiacu,wyzsze,"[""McDonalds, KFC, TacoBell, MAXBurger, Viking, Burger King, Pizza Hut, Pizza Dominos, Subway, Wendys, Papa Jones,""]","[""KFC"",""Nie wiem"",""McDonalds"",""SubWay"",""Nie wiem"",""Wendys"",""Max Burger"",""Nie wiem""]","[""17"",""17"",""25""]","[""4"",""2"",""1"",""4"",""1"",""1""]","[""mcdonalds"",""burger king"",""kfc"",""max burgers"",""north fish""]",read
167,2025-04-13 13:37:46.47976+00,93,23,mezczyzna,2500-5000,wies,raz-w-tygodniu,wyzsze,"[""KFC"",""Burger King"",""Mac Donalds""]","[""KFC"",""Burger King "",""McDonald's "",""Subway "",""nie wiem "",""nie wiem "",""nie wiem "",""Popeyes""]","[""13"",""25"",""32""]","[""4"",""2"",""4"",""3"",""4"",""1""]","[""mcdonalds"",""burger king"",""kfc"",""max burgers"",""popeyes""]",read
168,2025-04-13 13:39:38.405161+00,194,24,mezczyzna,2500-5000,miasto-500,raz-w-tygodniu,wyzsze,"[""McDonald’s"",""KFC"",""Burger King"",""Subway"",""Pizza Hut""]","[""KFC"",""Nie wiem "",""McDonald’s "",""Subway "",""Nie wiem "",""Nie wiem"",""Max premium burgers "",""Nie wiem ""]","[""23"",""25"",""35""]","[""2"",""1"",""3"",""3"",""1"",""1""]","[""mcdonalds"",""burger king"",""kfc"",""subway"",""max burgers"",""north fish""]",read
169,2025-04-13 14:03:19.068604+00,115,24,kobieta,ponizej-1000,miasto-500,rzadziej-niz-raz-w-miesiacu,wyzsze,"[""McDonald's, Kfc, burger king, Wendy's, max burger, Chipotle, taco bell, dunkin""]","[""KFC"",""Burger king"",""McDonald's "",""Subway "",""Taco bell"",""Wendy's "",""Max burger "",""Nie wiem""]","[""25"",""25"",""35""]","[""4"",""4"",""4"",""4"",""4"",""4""]","[""mcdonalds"",""burger king"",""kfc"",""subway"",""north fish""]",read
170,2025-04-13 14:06:54.83839+00,103,23,kobieta,1000-2500,miast-50,raz-w-miesiacu,w-trakcie-studiow,"[""Kebab King"",""McDonald's"",""Pizza Hut"",""KFC"",""Da Grasso"",""Burger King""]","[""KFC"",""nie wiem"",""McDonald's"",""Subway"",""Taco Bell"",""nie wiem"",""Max Burgers"",""nie wiem""]","[""20"",""30"",""35""]","[""2"",""2"",""2"",""3"",""1"",""1""]","[""mcdonalds"",""kfc"",""subway""]",read
171,2025-04-13 14:08:18.197756+00,177,23,mezczyzna,2500-5000,miasto-500,raz-w-tygodniu,w-trakcie-studiow,"[""mc donalds"",""kfc"",""pasibus"",""pizzahut"",""burgerking"",""kura buffalo"",""subway"",""masterbugers"",""max premium burgers""]","[""kfc"",""burgerking"",""mc donalds"",""subway"",""nie wiem"",""wendy's"",""max"",""volleys""]","[""17"",""30"",""27""]","[""2"",""2"",""3"",""2"",""1"",""1""]","[""mcdonalds"",""burger king"",""kfc"",""subway"",""north fish"",""max burgers""]",read
172,2025-04-13 14:22:42.305208+00,121,25,mezczyzna,ponizej-1000,miasto-500,czesciej-niz-raz-w-tygodniu,wyzsze,"[""Arby's, Taco Bell, Chipotle, Whataburger, Caesar's, Wendy's, Hooters, Five Guys""]","[""KFC"",""Burger King"",""McDonald's"",""Subway"",""Taco Bell"",""Wendy's"",""MAX Premium Burgers"",""Popeyes""]","[""5"",""5"",""5""]","[""2"",""3"",""1"",""2"",""3"",""1""]","[""mcdonalds"",""burger king"",""kfc"",""subway"",""max burgers"",""north fish"",""five guys"",""popeyes""]",read
173,2025-04-13 14:34:05.419647+00,63,28,kobieta,powyzej-10000,miasto-500,rzadziej-niz-raz-w-miesiacu,wyzsze,"[""MacDonalds"",""KFC"",""Subway"",""Burger king"",""Max"",""North fish"",""Thai wok""]","[""KFC"",""Burger king"",""Macdonald's "",""Subway "",""Taco bell"",""Nie wiem"",""Max"",""Nie wiem""]","[""20"",""20"",""30""]","[""4"",""4"",""4"",""4"",""4"",""4""]","[""mcdonalds"",""kfc"",""subway"",""north fish""]",read
174,2025-04-13 14:44:39.044456+00,150,26,kobieta,5000-7500,wies,rzadziej-niz-raz-w-miesiacu,w-trakcie-studiow,"[""McDonalds, KFC, Maxburgers, Burger King""]","[""KFC"",""Nie wiem"",""Mc Donalds"",""Subway"",""Taco Bell"",""Nie wiem"",""Max Burgers"",""Nie wiem""]","[""24"",""30"",""30""]","[""4"",""2"",""1"",""3"",""1"",""2""]","[""mcdonalds"",""burger king"",""subway"",""max burgers"",""kfc""]",read
175,2025-04-13 15:07:40.850375+00,17,24,mezczyzna,2500-5000,miasto-500,rzadziej-niz-raz-w-miesiacu,w-trakcie-studiow,"[""McDonald"",""Subway""]","[""KFC"",""Nie wiem"",""McDonald"",""Subway"",""TacoBell"",""Wendy's"",""MaxBurgers"",""Nie wiem""]","[""36"",""34"",""32""]","[""2"",""1"",""3"",""3"",""1"",""2""]","[""mcdonalds"",""burger king"",""wendys"",""kfc""]",read
177,2025-04-13 15:40:39.513393+00,107,25,mezczyzna,7500-10000,miasto-500,raz-w-tygodniu,wyzsze,"[""Salad Story, McDonalds, FiveGuys, Panda Express, MaxPremiumBurgers, Burgerking, In-N-Out Burger,""]","[""kfc"",""Burger King"",""McD"",""Subway"",""TacoBell"",""wendy's"",""Max Premium Burgers "",""popeyes""]","[""15"",""18"",""21""]","[""4"",""4"",""4"",""1"",""3"",""2""]","[""wendys"",""five guys"",""mcdonalds"",""burger king"",""subway"",""max burgers""]",read
178,2025-04-13 15:48:39.039853+00,101,23,kobieta,5000-7500,miasto-500,czesciej-niz-raz-w-tygodniu,wyzsze,"[""McDonald’s"",""Kfc"",""Thai wok"",""Salad story"",""Wrap me"",""Subway"",""Popeyes"",""North Fish"",""Kebab King"",""Dominos"",""Pizza hut"",""Pizza 105"",""Dagrasso""]","[""Kfc"",""Burger King"",""McDonald’s "",""Subway"",""Taco bell"",""Wendys "",""Max premium burgers"",""Popeyes ""]","[""18"",""18"",""30""]","[""1"",""2"",""3"",""3"",""2"",""2""]","[""mcdonalds"",""burger king"",""kfc"",""subway"",""max burgers"",""north fish"",""popeyes""]",read
183,2025-04-13 16:01:23.557755+00,94,24,kobieta,2500-5000,miasto-500,rzadziej-niz-raz-w-miesiacu,wyzsze,"[""McDonald’s"",""KFC"",""Dunkin’ Donut"",""Max Burger"",""Popeyes"",""Nord Fish""]","[""KFC"",""Burger King"",""McDonalds"",""Subway"",""nie wiem"",""Wendy’s"",""Max Burgers"",""nie wiem""]","[""20"",""20"",""25""]","[""4"",""4"",""4"",""4"",""4"",""4""]","[""mcdonalds"",""burger king"",""kfc"",""subway"",""max burgers""]",read
184,2025-04-13 16:07:13.650028+00,92,29,kobieta,2500-5000,miasto-500,rzadziej-niz-raz-w-miesiacu,wyzsze,"[""mcdonalds"",""kfc"",""burger king"",""popeye's"",""max burgers"",""pizza hut"",""taco bell""]","[""kfc"",""burger king"",""mcdonalds"",""subway"",""taco bell"",""wendy's"",""max burgers"",""popeye's""]","[""15"",""15"",""25""]","[""4"",""4"",""4"",""4"",""4"",""4""]","[""mcdonalds"",""burger king"",""kfc"",""subway"",""max burgers"",""north fish""]",read
185,2025-04-13 16:16:42.644332+00,78,24,kobieta,2500-5000,miasto-500,raz-w-miesiacu,wyzsze,"[""Mcdonalds"",""Kebab king"",""Burger king"",""Kfc"",""Salad story"",""North Fish"",""Telepizza"",""Dominos pizza""]","[""KFC"",""Burger king"",""Mcdonalds"",""Subway"",""Nie wiem"",""Nie wiem"",""Max burgers"",""Nie wiem""]","[""30"",""35"",""45""]","[""4"",""2"",""4"",""3"",""4"",""1""]","[""mcdonalds"",""burger king"",""kfc"",""subway"",""max burgers"",""north fish""]",read
186,2025-04-13 16:56:28.893833+00,45,23,kobieta,2500-5000,miasto-500,raz-w-tygodniu,w-trakcie-studiow,"[""McDonalds"",""KFC"",""Burger King"",""Subway"",""Popeyes"",""In n’ Out"",""Wendy’s"",""Taco Bell"",""Chick-fil-A"",""Domino’s"",""Chipotle"",""Pizza Hut"",""Dunkin’ Donuts"",""Starbucks"",""Costa"",""Green Caffè Nero"",""Dairy Queen"",""Applebee’s"",""Olive Garden""]","[""KFC"",""Burger King"",""McDonalds"",""Subway"",""Taco Bell"",""Wendy’s"",""Max Premium"",""Popeyes""]","[""20"",""20"",""32""]","[""3"",""2"",""1"",""2"",""1"",""2""]","[""mcdonalds"",""burger king"",""kfc"",""subway"",""max burgers"",""popeyes""]",read
188,2025-04-13 17:47:08.420901+00,30,24,kobieta,2500-5000,miasto-500,raz-w-miesiacu,wyzsze,"[""McDonald's"",""Burger King"",""Subway"",""Taco Bell"",""KFC"",""Papa Jones"",""United Chicken"",""Max Burgers"",""Telepizza"",""Domino's"",""North Fish"",""Kebab King""]","[""KFC"",""Burger King"",""McDonalds"",""subway"",""taco bell"",""nie wiem"",""max burgers"",""nie wiem""]","[""25"",""29"",""38""]","[""1"",""3"",""2"",""2"",""1"",""2""]","[""mcdonalds"",""burger king"",""kfc"",""subway"",""north fish""]",read
190,2025-04-13 17:52:08.942996+00,160,23,mezczyzna,5000-7500,miasto-500,raz-w-tygodniu,w-trakcie-studiow,"[""Mcdonald""]","[""Kfc"",""Nie wiem "",""McDonald "",""Nie wiem "",""Nie wiem "",""Nie wiem "",""Nie wiem"",""Nie wiem ""]","[""30"",""35"",""40""]","[""4"",""4"",""4"",""4"",""4"",""4""]","[""mcdonalds""]",read
192,2025-04-13 17:58:46.27313+00,113,25,mezczyzna,ponizej-1000,miast-50,rzadziej-niz-raz-w-miesiacu,w-trakcie-studiow,"[""McDonald's"",""KFC"",""Kebab King"",""Subway"",""Taco Bell"",""Burger King""]","[""KFC"",""nie wiem"",""Mc Donalds"",""Subway"",""Taco Bell"",""Wendy's"",""nie wiem"",""Louisiana Kitchen""]","[""24"",""26"",""35""]","[""1"",""2"",""2"",""3"",""2"",""1""]","[""mcdonalds"",""kfc"",""north fish""]",read
193,2025-04-13 18:11:36.754217+00,6,24,kobieta,5000-7500,miasto-500,raz-w-miesiacu,wyzsze,"[""McDonald"",""KFC"",""Burger King"",""Subway"",""Max Burger""]","[""KFC"",""Burger King"",""McDonald "",""Subway"",""Taco Bell"",""Wendy’s"",""Max Burger"",""Popeye’s""]","[""20"",""30"",""35""]","[""1"",""3"",""1"",""3"",""3"",""2""]","[""mcdonalds"",""burger king"",""kfc"",""subway"",""max burgers"",""north fish"",""five guys""]",read
194,2025-04-13 18:19:35.227717+00,49,23,mezczyzna,1000-2500,miasto-500,raz-w-tygodniu,wyzsze,"[""Mcdonald"",""Kfc"",""Burger king""]","[""Kfc"",""Nie wiem"",""Mcdonald"",""Nie wiem"",""Nie wiem"",""Nie wiem"",""Mac burger"",""Popeyes""]","[""15"",""18"",""20""]","[""3"",""2"",""2"",""2"",""3"",""1""]","[""mcdonalds"",""burger king"",""kfc"",""max burgers"",""popeyes""]",read
195,2025-04-13 18:37:44.397667+00,131,24,kobieta,2500-5000,miasto-500,raz-w-miesiacu,wyzsze,"[""McDonald, KCF, Burger King, Subway, Amrit Kebab, Pizza Hut, Donner Kebab, Thai Food""]","[""KFC"",""BurgerKing"",""McDonald"",""Subway"",""Nie wiem "",""Nie wiem "",""Max Burger "",""Chicken cośtam ""]","[""25"",""23"",""29""]","[""4"",""2"",""4"",""3"",""4"",""1""]","[""mcdonalds"",""burger king"",""kfc"",""subway"",""max burgers""]",read
197,2025-04-13 19:04:29.632527+00,77,51,kobieta,2500-5000,miasto-50-150,rzadziej-niz-raz-w-miesiacu,wyzsze,"[""Domino’s Pizza, McDonald, Pizza Hut, KFC, DaGrasso""]","[""KFC"",""Burger King"",""McDonald"",""Subway"",""Nie wiem"",""Nie wiem "",""Nie wiem "",""Nie wiem ""]","[""20"",""20"",""30""]","[""1"",""4"",""3"",""3"",""4"",""1""]","[""mcdonalds"",""kfc"",""burger king""]",read
199,2025-04-13 19:14:39.056289+00,28,23,kobieta,ponizej-1000,miasto-500,raz-w-miesiacu,w-trakcie-studiow,"[""mcdonalds"",""kfc"",""burger king""]","[""kfc"",""burger king"",""mc donalds"",""subway"",""nie wiem"",""nie wiem"",""nie wiem"",""nie wiem""]","[""25"",""27"",""32""]","[""2"",""2"",""1"",""1"",""3"",""2""]","[""mcdonalds"",""burger king"",""kfc"",""subway"",""max burgers"",""north fish""]",read
200,2025-04-13 19:23:38.922618+00,170,25,mezczyzna,powyzej-10000,miasto-500,czesciej-niz-raz-w-tygodniu,w-trakcie-studiow,"[""MC"",""Kfc"",""Burger King"",""Pizza hut"",""Dominos"",""Kebab King""]","[""Kfc"",""Burger King "",""MC"",""Subway "",""Taco bell"",""Wendys"",""Max Burger "",""Popeyes""]","[""15"",""18"",""25""]","[""1"",""3"",""3"",""2"",""3"",""2""]","[""mcdonalds"",""burger king"",""wendys"",""kfc"",""subway"",""max burgers"",""north fish"",""popeyes""]",read
201,2025-04-13 19:29:30.309859+00,168,27,kobieta,5000-7500,miasto-500,raz-w-miesiacu,wyzsze,"[""McDonalds, KFC, Subway, Salad Story""]","[""KFC"",""NIE WIEM"",""McDonalds"",""Subway"",""nie wiem"",""nie wiem"",""Burger Max"",""nie wiem""]","[""18"",""25"",""32""]","[""2"",""1"",""1"",""3"",""2"",""1""]","[""mcdonalds"",""burger king"",""kfc"",""subway""]",read
202,2025-04-13 19:34:50.038551+00,200,31,kobieta,2500-5000,miasto-500,rzadziej-niz-raz-w-miesiacu,wyzsze,"[""McDonald's, KFC, Burger king, Żabka""]","[""KFC "",""Burger King "",""McDonald's "",""Subway "",""Nie wiem "",""Nie wiem "",""Max burgers "",""Nie wiem ""]","[""22"",""22"",""30""]","[""1"",""3"",""3"",""2"",""1"",""2""]","[""mcdonalds"",""burger king"",""kfc"",""subway"",""north fish""]",read
203,2025-04-13 19:52:19.853591+00,145,23,kobieta,ponizej-1000,miasto-500,rzadziej-niz-raz-w-miesiacu,w-trakcie-studiow,"[""KFC"",""McDonald"",""Subway"",""BurgerKing"",""PizzaHut""]","[""KFC"",""nie wiem"",""McDonald's"",""Subway"",""nie wiem"",""nie wiem"",""nie wiem"",""nie wiem""]","[""29"",""29"",""39""]","[""3"",""4"",""1"",""4"",""2"",""2""]","[""mcdonalds"",""kfc""]",read
204,2025-04-13 20:10:26.075302+00,129,24,mezczyzna,2500-5000,miasto-50-150,raz-w-tygodniu,wyzsze,"[""McDonald's"",""KFC"",""Krówka i Połówka"",""MaxBurger"",""Burger King""]","[""KFC"",""Burger King"",""McDonald's"",""Subway"",""Taco Bell"",""nie wiem"",""Max Burger"",""nie wiem""]","[""20"",""25"",""30""]","[""2"",""2"",""3"",""3"",""1"",""1""]","[""mcdonalds"",""burger king"",""kfc"",""subway"",""max burgers""]",read
205,2025-04-13 20:10:50.925055+00,182,24,kobieta,1000-2500,miast-50,raz-w-miesiacu,w-trakcie-studiow,"[""McDonald, KFC, Subway, Burger King, Maxx Burger, Pasibus, Wendy's, Dunkin Donuts, In n Out, Panda Express,""]","[""KFC"",""Burger King"",""McDonald's "",""Subway"",""Taco Bell"",""Wendy's "",""Max Burger"",""Nie wiem""]","[""23"",""25"",""35""]","[""2"",""1"",""2"",""1"",""2"",""3""]","[""mcdonalds"",""burger king"",""kfc"",""subway"",""north fish""]",read
206,2025-04-13 20:36:56.114375+00,97,24,kobieta,2500-5000,miasto-500,rzadziej-niz-raz-w-miesiacu,w-trakcie-studiow,"[""mcdonalds, kfc, burger king, subway, popeyes, wendy's, in&out burger, pizzahut, dominos, taco bell, hesburger, dunkin' donuts""]","[""kfc"",""burger king"",""mcdonalds"",""subway"",""taco bell"",""wendy's"",""max burgers"",""nie wiem""]","[""28"",""30"",""35""]","[""1"",""1"",""2"",""3"",""2"",""1""]","[""mcdonalds"",""burger king"",""kfc"",""subway"",""max burgers"",""popeyes""]",read
207,2025-04-13 20:42:27.955181+00,37,23,kobieta,7500-10000,miasto-500,raz-w-tygodniu,wyzsze,"[""Mcdonald"",""Kfc"",""Burger king"",""Wendy"",""Chipotle"",""Taco bell""]","[""Kfc"",""Burger king"",""Mcdonalds"",""Subway"",""Taco bell"",""Wendys"",""Max burgers"",""Nie wiem""]","[""21"",""20"",""28""]","[""2"",""3"",""4"",""1"",""3"",""2""]","[""mcdonalds"",""burger king"",""kfc"",""subway"",""max burgers"",""north fish"",""popeyes""]",read
208,2025-04-13 20:48:08.283482+00,20,24,mezczyzna,5000-7500,miasto-500,raz-w-miesiacu,w-trakcie-studiow,"[""McDonald"",""KFC"",""Pizza Hut"",""Dominos"",""Papa Johns"",""Tacobell"",""Panda Express"",""Subway"",""Northfish"",""Burger King"",""Thai wok"",""Wendys"",""In-n-out""]","[""KFC"",""Burger King"",""McDonald"",""Subway"",""TacoBell"",""Wendys"",""MaxBurgers"",""Poppeys""]","[""24"",""25"",""34""]","[""1"",""3"",""2"",""3"",""1"",""2""]","[""mcdonalds"",""burger king"",""kfc"",""subway"",""max burgers"",""north fish"",""popeyes""]",read
209,2025-04-13 21:31:34.390109+00,127,26,mezczyzna,5000-7500,miasto-500,rzadziej-niz-raz-w-miesiacu,wyzsze,"[""Mc Donald, KFC, Burgerking,""]","[""Kfc"",""Nie wiem"",""Mc Donald"",""nie wiem"",""nie wiem"",""nie wiem"",""nie wiem"",""nie wiem""]","[""25"",""25"",""28""]","[""2"",""2"",""2"",""3"",""1"",""1""]","[""mcdonalds"",""burger king"",""kfc"",""subway"",""north fish""]",read
210,2025-04-13 21:52:10.811997+00,73,24,mezczyzna,2500-5000,miasto-500,rzadziej-niz-raz-w-miesiacu,wyzsze,"[""McDonald, KFC, Burger King""]","[""KFC"",""Burger King"",""Mc Donalds"",""subway"",""nie wiem"",""nie wiem"",""max"",""louisiana kichen, tak pisze tu""]","[""20"",""15"",""30""]","[""1"",""1"",""3"",""3"",""2"",""1""]","[""burger king""]",read
213,2025-04-13 22:12:50.84629+00,106,24,kobieta,2500-5000,miasto-500,raz-w-miesiacu,w-trakcie-studiow,"[""Macdonalds"",""Kfc"",""Burgerking"",""Subway"",""Wendy’s"",""Pizza hut""]","[""Kfc"",""Nie wiem"",""Macdonald"",""Subway"",""Taco bell"",""Wendy’s"",""Max burgers"",""Nie wiem""]","[""25"",""30"",""40""]","[""2"",""2"",""3"",""3"",""2"",""1""]","[""mcdonalds"",""kfc""]",read
215,2025-04-13 22:37:20.32334+00,132,27,mezczyzna,2500-5000,miasto-500,raz-w-miesiacu,wyzsze,"[""McDonald's, KFC, Burger King, Taco Bell, Pizza Hut, Chipotle, Subway, Papa John's. Domino's""]","[""KFC"",""nie wiem"",""McDonald's"",""Subway"",""Taco Bell"",""Wendy's"",""Max Burgers"",""nie wiem""]","[""22"",""25"",""32""]","[""4"",""4"",""4"",""4"",""4"",""4""]","[""mcdonalds"",""burger king"",""kfc"",""subway"",""max burgers"",""north fish""]",read
216,2025-04-14 00:27:57.177396+00,137,33,mezczyzna,7500-10000,miasto-500,raz-w-miesiacu,w-trakcie-studiow,"[""mcdonald"",""kfc"",""subway"",""burgerking"",""starbuck""]","[""kfc"",""burger king"",""macdonald"",""subway"",""nie wiem"",""nie wiem"",""burger max"",""nie wiem""]","[""10"",""10"",""15""]","[""3"",""3"",""1"",""1"",""2"",""2""]","[""mcdonalds"",""kfc"",""subway"",""north fish""]",read
219,2025-04-14 06:20:10.604787+00,141,23,kobieta,1000-2500,miast-50,raz-w-miesiacu,wyzsze,"[""KFC"",""Mcdonalds"",""Max burgers"",""Hesburger"",""Taco bell"",""Wendys"",""Subway"",""Five guys"",""In n out""]","[""Kfc"",""Burger king"",""MCdonalds"",""Subway"",""Taco bell"",""Wendys"",""Max burgers"",""Popeyes""]","[""20"",""25"",""35""]","[""4"",""3"",""2"",""2"",""1"",""2""]","[""mcdonalds"",""kfc"",""max burgers"",""popeyes""]",read
221,2025-04-14 07:11:32.402635+00,102,27,mezczyzna,7500-10000,miasto-150-500,raz-w-tygodniu,wyzsze,"[""McDonald’s"",""KFC"",""Burger King"",""In N Out"",""Five Guys"",""Pasibus""]","[""KFC"",""Burger King"",""McDonalds"",""Subway"",""Taco bell"",""Nie wiem"",""Max burgers"",""Nie wiem""]","[""17"",""25"",""35""]","[""1"",""3"",""1"",""1"",""1"",""3""]","[""mcdonalds"",""burger king"",""kfc"",""subway"",""five guys""]",read
222,2025-04-14 07:28:01.166846+00,43,25,kobieta,2500-5000,miasto-500,raz-w-tygodniu,wyzsze,"[""Mcdonalds, Burger King, popeyes, subway, Taco Bell, Wendy’s, north Fish, salad store, Thai wok, max burgers""]","[""Kfc"",""Burger king"",""Mcdonald"",""Subway"",""Taco bell"",""Wendys"",""Max Burger/max premium burger"",""Popeyes""]","[""25"",""24"",""32""]","[""2"",""4"",""4"",""1"",""3"",""4""]","[""mcdonalds"",""burger king"",""kfc"",""subway"",""max burgers"",""popeyes"",""five guys""]",read
224,2025-04-14 07:47:23.809193+00,41,26,kobieta,7500-10000,miasto-500,raz-w-tygodniu,wyzsze,"[""KFC, McDonald’s, FRiDAYS, Pizza Hut, Burger King, Subway, Domino’s Pizza, Taco Bell, Popeyes, Jollibee, Toks, BBQ Chicken, Lotteria, Dicos, Quick, North Fish, Kebab King, Bobby Burger, Pasibus, Max Premium Burgers""]","[""KFC"",""Burger King"",""Mcdonald’s"",""Subway"",""Taco Bell "",""Wendy’s"",""Max Premium Burgers"",""Popeyes""]","[""17"",""29"",""23""]","[""2"",""2"",""1"",""1"",""2"",""1""]","[""mcdonalds"",""burger king"",""kfc"",""subway"",""max burgers"",""popeyes"",""north fish"",""five guys""]",read
226,2025-04-14 07:51:10.136001+00,183,23,mezczyzna,2500-5000,miasto-500,raz-w-miesiacu,w-trakcie-studiow,"[""McDonald’s, Burger King, KFC, Wendy,s, Five Guys,""]","[""KFC "",""Burger King "",""McDonald’s "",""Subway"",""Taco Bell "",""Wendy,s"",""Max burgers"",""Nie wiem""]","[""18"",""20"",""20""]","[""4"",""2"",""2"",""1"",""4"",""3""]","[""mcdonalds"",""burger king"",""kfc""]",read
227,2025-04-14 07:56:45.342381+00,105,23,kobieta,5000-7500,miasto-500,raz-w-miesiacu,w-trakcie-studiow,"[""Mc Donald, KFC, burger King, Subway, max, Bobby burger""]","[""KFC "",""Burger King "",""Mc Donadl's "",""Subway "",""Nie wiem "",""Wendy's"",""Max"",""Nie wiem ""]","[""20"",""18"",""35""]","[""1"",""2"",""3"",""3"",""2"",""1""]","[""mcdonalds"",""burger king"",""kfc"",""subway""]",read
229,2025-04-14 08:32:57.002916+00,76,28,kobieta,2500-5000,miast-50,rzadziej-niz-raz-w-miesiacu,wyzsze,"[""McDonald, KFC, BurgerKing, PizzaHut, Wendy's"",""McDonald"",""KFC"",""BurgerKing"",""PizzaHut"",""Wendy's""]","[""KFC"",""Nie wiem"",""MacDonald"",""Subway"",""Nie wiem"",""Wendy's"",""Nie wiem"",""Nie wiem""]","[""20"",""30"",""35""]","[""4"",""4"",""4"",""4"",""4"",""4""]","[""mcdonalds"",""kfc"",""subway"",""north fish""]",read
230,2025-04-14 08:37:09.459876+00,16,31,kobieta,ponizej-1000,miasto-150-500,rzadziej-niz-raz-w-miesiacu,wyzsze,"[""McDonald's, KFC, King Burger, Subway, Taco Bell, Wendy's, In-N-Out""]","[""KFC"",""Burger King"",""McDonald's"",""Subway"",""Taco Bell"",""Wendy's"",""MAX burgers"",""nie wiem""]","[""28"",""25"",""32""]","[""4"",""4"",""4"",""4"",""4"",""4""]","[""mcdonalds"",""burger king"",""kfc"",""subway"",""north fish""]",read
231,2025-04-14 09:01:56.547288+00,124,24,kobieta,1000-2500,miasto-500,raz-w-miesiacu,wyzsze,"[""Mcdonald"",""Kfc"",""Burgerking"",""Dunkindonuts"",""United chicken"",""Subway"",""Five guys""]","[""Kfc"",""Burger king"",""Mcdonalds"",""Subway"",""Taco bell"",""Wendys"",""Max burger"",""Nie wiem""]","[""16"",""22"",""26""]","[""4"",""2"",""4"",""3"",""3"",""1""]","[""mcdonalds"",""burger king"",""kfc"",""subway"",""north fish"",""five guys"",""max burgers""]",read
233,2025-04-14 10:54:28.642503+00,112,23,kobieta,5000-7500,miasto-500,raz-w-miesiacu,w-trakcie-studiow,"[""Mc Donalds"",""KFC"",""MAX Burger"",""Burger King"",""Thai Wok"",""Pasibus""]","[""KFC"",""Burger King"",""MC Donalds"",""Subway"",""nie wiem"",""nie wiem"",""MAX Burger"",""nie wiem""]","[""29"",""30"",""45""]","[""4"",""4"",""4"",""4"",""4"",""4""]","[""mcdonalds"",""max burgers"",""kfc""]",read
234,2025-04-14 11:29:15.598386+00,158,23,kobieta,2500-5000,miasto-500,raz-w-miesiacu,w-trakcie-studiow,"[""McDonald, kfc, max burgers, wendys, popeyes, burger king""]","[""Kfc"",""Burger king "",""Mcdonald "",""Subway "",""Taco bell"",""Wendys "",""Max burgers"",""Popeyes""]","[""20"",""20"",""35""]","[""3"",""1"",""2"",""1"",""1"",""3""]","[""mcdonalds"",""max burgers"",""subway"",""north fish"",""popeyes"",""burger king"",""kfc""]",read
237,2025-04-14 11:30:27.152529+00,190,28,mezczyzna,5000-7500,miasto-500,raz-w-miesiacu,wyzsze,"[""KFC"",""McDonald's"",""Burger King""]","[""KFC"",""Burger King "",""McDonald's "",""Subway "",""Nie wiem "",""nie wiem "",""nie wiem "",""nie wiem ""]","[""18.00"",""20.00"",""30.00""]","[""2"",""2"",""3"",""3"",""1"",""1""]","[""kfc"",""mcdonalds"",""burger king""]",read
238,2025-04-14 14:15:32.987444+00,171,18,kobieta,ponizej-1000,miasto-500,raz-w-miesiacu,w-trakcie-studiow,"[""Mcdonalds"",""Burger king"",""Kfc"",""Popeyes"",""Chick fil a"",""Raising canes"",""Chipotle"",""Subway"",""Max burgers""]","[""Kfc"",""Burger king"",""Mcdonalds"",""Subway"",""Nie wiem"",""Wendys"",""Max burgers"",""Popeyes""]","[""10"",""12"",""24""]","[""3"",""1"",""4"",""3"",""2"",""1""]","[""mcdonalds"",""burger king"",""kfc"",""max burgers"",""popeyes""]",read
239,2025-04-14 14:18:12.403431+00,133,20,kobieta,1000-2500,miasto-500,raz-w-tygodniu,w-trakcie-studiow,"[""McDonalds, KFC, Burger King, In 'n Out""]","[""KFC"",""Burger King"",""McDonald's"",""Subway"",""TacoBell"",""Wendy's"",""MAX burgers"",""Popeyes""]","[""18"",""30"",""32""]","[""1"",""3"",""3"",""2"",""2"",""2""]","[""mcdonalds"",""burger king"",""kfc"",""subway"",""north fish""]",read
241,2025-04-14 14:32:03.623599+00,36,24,kobieta,2500-5000,miasto-500,raz-w-tygodniu,wyzsze,"[""McDonalds"",""Max Premium Burgers"",""Burger King"",""KFC"",""Dunkin' Donuts"",""Popeyes"",""Wendy's"",""Subway"",""Taco Bell""]","[""KFC"",""Burger King"",""McDonald's"",""Subway"",""Taco Bell"",""Wendy's"",""MAX premium burgers"",""Popeyes""]","[""20"",""22"",""25""]","[""3"",""2"",""1"",""1"",""2"",""1""]","[""mcdonalds"",""burger king"",""kfc"",""subway"",""max burgers""]",read
242,2025-04-14 14:47:09.128572+00,81,21,kobieta,1000-2500,wies,raz-w-miesiacu,w-trakcie-studiow,"[""KFC, McDonald's, Burger King, Max burger""]","[""KFC"",""Burger King "",""McDonald's "",""Subway"",""nie wiem "",""nie wiem "",""Max Burger"",""nie wiem""]","[""20"",""25"",""35""]","[""3"",""2"",""3"",""3"",""2"",""1""]","[""mcdonalds"",""burger king"",""kfc"",""subway"",""max burgers"",""north fish""]",read
243,2025-04-14 15:40:23.668179+00,34,23,mezczyzna,2500-5000,miasto-500,raz-w-tygodniu,w-trakcie-studiow,"[""mc"",""kfc"",""burger king"",""popeyes"",""pasibus"",""north fish""]","[""kfc"",""burger king"",""mc"",""subway"",""taco bell"",""nie wiem"",""max burghers"",""popeyes""]","[""14"",""20"",""31""]","[""3"",""3"",""2"",""2"",""1"",""2""]","[""mcdonalds"",""burger king"",""kfc"",""subway"",""max burgers"",""popeyes""]",read
246,2025-04-14 16:53:33.907866+00,53,23,kobieta,5000-7500,miasto-500,rzadziej-niz-raz-w-miesiacu,w-trakcie-studiow,"[""maxx burgers"",""mcdonalds"",""wendys"",""tacobell"",""kfc"",""chipotle"",""burger king""]","[""kfc"",""burger king"",""mcdonalds"",""subway"",""taco bell"",""wendys"",""max burgers"",""nie wiem ""]","[""15"",""15"",""20""]","[""4"",""4"",""4"",""4"",""4"",""4""]","[""mcdonalds"",""burger king"",""max burgers"",""north fish""]",read
247,2025-04-14 17:26:15.458601+00,193,23,kobieta,2500-5000,miasto-500,rzadziej-niz-raz-w-miesiacu,w-trakcie-studiow,"[""McDonald, KFC, Subway""]","[""KFC"",""Burger King"",""McDonald"",""Subway"",""nie wiem"",""nie wiem"",""max burgers"",""nie wiem""]","[""20"",""18"",""30""]","[""1"",""2"",""2"",""1"",""1"",""3""]","[""mcdonalds"",""subway"",""popeyes""]",read
248,2025-04-14 17:51:58.602962+00,82,24,kobieta,2500-5000,miasto-500,rzadziej-niz-raz-w-miesiacu,w-trakcie-studiow,"[""McDonald, KFC, Nordfish, Domino's pizza""]","[""Kfc"",""Nie wiem"",""McDonald "",""Subway"",""Nie wiem"",""Nie wiem"",""Nie wiem"",""Nie wiem""]","[""15"",""20"",""25""]","[""4"",""4"",""4"",""4"",""4"",""4""]","[""mcdonalds"",""kfc""]",read
249,2025-04-14 18:00:04.002438+00,147,24,mezczyzna,5000-7500,miasto-500,rzadziej-niz-raz-w-miesiacu,wyzsze,"[""McDonalds"",""KFC"",""Burger King"",""Sub-Way"",""Taco Bell"",""Nordfish"",""SaladStory""]","[""KFC"",""Burger King"",""McDonalds"",""Sub-Way"",""Taco Bell"",""Wendy's"",""Max Burgers"",""nie wiem""]","[""20"",""20"",""40""]","[""1"",""2"",""3"",""3"",""3"",""1""]","[""mcdonalds"",""burger king"",""kfc"",""subway""]",read
250,2025-04-14 18:10:26.347424+00,189,24,kobieta,1000-2500,miasto-500,raz-w-miesiacu,w-trakcie-studiow,"[""mcdonald"",""kfc"",""burgerking"",""max burgers"",""popeye""]","[""kfc"",""burgerking"",""mcdonald"",""subway"",""nie wiem"",""wendys"",""max burgers"",""nie wiem""]","[""21"",""25"",""30""]","[""4"",""4"",""2"",""3"",""4"",""3""]","[""mcdonalds"",""burger king"",""kfc"",""subway"",""max burgers""]",read
252,2025-04-14 18:26:47.193374+00,33,25,mezczyzna,2500-5000,wies,rzadziej-niz-raz-w-miesiacu,w-trakcie-studiow,"[""McDonald's, KFC, Subway, Burger King, Pizza Hut, Domino’s Pizza"",""McDonald's"",""KFC"",""Subway"",""Burger King"",""Pizza Hut"",""Domino’s Pizza""]","[""KFC"",""Burger King"",""McDonald's"",""Subway"",""Taco Bell"",""Wendy’s"",""nie wiem"",""nie wiem""]","[""12"",""16"",""21""]","[""4"",""4"",""4"",""4"",""4"",""4""]","[""mcdonalds"",""kfc""]",read
253,2025-04-14 19:23:43.042377+00,174,24,kobieta,ponizej-1000,miasto-500,raz-w-miesiacu,wyzsze,"[""McDonalds"",""KFC"",""burger king"",""pizza hut"",""wendy's"",""max burgers"",""poppey""]","[""kfc"",""burger king"",""mcdonalds"",""subway"",""taco bell"",""wendy's"",""max burgers"",""nie wiem""]","[""20"",""25"",""35""]","[""3"",""2"",""1"",""2"",""1"",""1""]","[""mcdonalds"",""burger king"",""kfc"",""max burgers""]",read
254,2025-04-14 19:33:08.740881+00,130,27,kobieta,5000-7500,wies,raz-w-tygodniu,w-trakcie-studiow,"[""Mc Donald’s, kfc, Burger King, pizza hut, subway, papa johns"",""Mc Donald’s"",""Kfc"",""Burger King"",""Pizza Hut"",""Subway"",""Domino’s pizza"",""Papa johns""]","[""Kfc"",""Nie wiem "",""Mc Donald’s "",""Subway "",""Taco Bell "",""Wendys"",""Nie wiem "",""Nie wiem ""]","[""30"",""30"",""38""]","[""4"",""4"",""4"",""4"",""4"",""4""]","[""mcdonalds"",""burger king"",""kfc"",""subway"",""north fish""]",read
255,2025-04-14 20:14:22.959459+00,59,23,mezczyzna,2500-5000,wies,raz-w-tygodniu,wyzsze,"[""mcdonald"",""kfc"",""Burger King"",""Subway.""]","[""kfc"",""Burger King "",""McDonald’s"",""Subway"",""taco bell"",""Wendy’s"",""MAX Burgers"",""nie wiem""]","[""21"",""32"",""28""]","[""2"",""2"",""2"",""2"",""1"",""2""]","[""mcdonalds"",""burger king"",""kfc""]",read
259,2025-04-15 03:27:51.44615+00,5,24,kobieta,1000-2500,miasto-500,rzadziej-niz-raz-w-miesiacu,w-trakcie-studiow,"[""McDonald, KFC, MaxBurgr, Burger King, Subway,"",""McDonald"",""KFC"",""MaxBurgers""]","[""KFC"",""Burger King"",""McDonald"",""Subway"",""Nie wiem "",""Nie wiem"",""Max Burger"",""Nie wiem ""]","[""25"",""31"",""30""]","[""4"",""4"",""4"",""4"",""4"",""4""]","[""mcdonalds"",""burger king""]",read
260,2025-04-15 05:13:43.026148+00,87,24,kobieta,1000-2500,miasto-500,rzadziej-niz-raz-w-miesiacu,w-trakcie-studiow,"[""McDonald's"",""KFC"",""Popeyes"",""Wendy's"",""Burger King"",""Max Burgera"",""Taco Bell"",""Nando's""]","[""KFC"",""Burger King"",""McDonald's"",""Subway"",""TacoBell"",""Wendy's"",""Max Burgers"",""Popeye's""]","[""20"",""26"",""25""]","[""1"",""1"",""3"",""3"",""2"",""1""]","[""mcdonalds"",""burger king"",""kfc"",""max burgers"",""north fish"",""popeyes""]",read
261,2025-04-15 06:26:55.625551+00,104,18,kobieta,ponizej-1000,miasto-500,raz-w-miesiacu,w-trakcie-studiow,"[""McDonald's"",""KFC"",""Burger King"",""Max Burger"",""Pasibus""]","[""KFC"",""Burger King"",""McDonald "",""Subway "",""Nie wiem "",""Wendy's"",""Max Burger "",""nie wiem ""]","[""21"",""25"",""35""]","[""4"",""4"",""4"",""4"",""4"",""4""]","[""mcdonalds"",""kfc"",""max burgers""]",read
262,2025-04-15 06:31:20.547516+00,199,26,mezczyzna,ponizej-1000,miasto-500,raz-w-tygodniu,w-trakcie-studiow,"[""Mc""]","[""Kfc"",""Nie wiem"",""Mc"",""Subawy"",""Nie"",""Wendys"",""Coś tam premium burger"",""Louisiana kitchen""]","[""25"",""33"",""45""]","[""2"",""3"",""3"",""2"",""1"",""1""]","[""mcdonalds"",""burger king"",""kfc"",""subway"",""max burgers""]",read
263,2025-04-15 06:42:12.83564+00,8,24,mezczyzna,1000-2500,miasto-500,raz-w-tygodniu,w-trakcie-studiow,"[""McDonald's"",""Kfc"",""Burger king"",""Zahir"",""Berlin doner kebab"",""Thai wok"",""Lays"",""Wendy's"",""Five guys"",""Premium burgers""]","[""Kfc"",""Burger King "",""McDonald's "",""Subway"",""Taco bell "",""Wendy's "",""Max burgers"",""Kurczę jadłem tam ostatnio, ale zapomniałem ""]","[""16"",""20"",""32""]","[""1"",""3"",""3"",""2"",""1"",""3""]","[""mcdonalds"",""burger king"",""kfc"",""subway"",""max burgers"",""north fish"",""popeyes"",""five guys""]",read
264,2025-04-15 07:18:55.878493+00,138,29,kobieta,2500-5000,miasto-500,rzadziej-niz-raz-w-miesiacu,wyzsze,"[""McDonald"",""KFC"",""Burger King"",""North Fish"",""Subway"",""Salad Story""]","[""KFC"",""NIE WIEM"",""McDonald's"",""Subway"",""Nie wiem"",""Nie wiem"",""Max Burger"",""Nie wiem""]","[""12"",""17"",""25""]","[""2"",""2"",""2"",""3"",""1"",""2""]","[""mcdonalds"",""subway""]",read
265,2025-04-15 08:04:33.260037+00,117,20,kobieta,ponizej-1000,miasto-500,raz-w-miesiacu,w-trakcie-studiow,"[""McDonalds"",""Burger King"",""KFC"",""Wendy’s"",""Chipotle"",""Chik-fil-A""]","[""KFC"",""Burger King"",""McDonalds"",""Subway"",""Taco Bell"",""Wendys"",""Max Burger"",""Popeyes""]","[""20"",""20"",""30""]","[""4"",""4"",""4"",""4"",""3"",""4""]","[""mcdonalds"",""burger king"",""wendys"",""popeyes""]",read
267,2025-04-15 08:49:04.442606+00,139,29,mezczyzna,7500-10000,miasto-500,raz-w-tygodniu,wyzsze,"[""McDonald's"",""Burger King"",""Kfc"",""Salad story""]","[""Kfc"",""Burger King "",""McDonald's "",""Subway "",""Taco bell"",""Nie wiem "",""Max burgers"",""Nie wiem ""]","[""15"",""18"",""26""]","[""1"",""3"",""1"",""2"",""1"",""2""]","[""mcdonalds"",""burger king"",""kfc"",""subway"",""max burgers"",""north fish""]",read
269,2025-04-15 10:03:18.782282+00,83,23,kobieta,2500-5000,miasto-500,raz-w-miesiacu,wyzsze,"[""McDonald""]","[""KFC"",""Burger King "",""McDonald"",""Subway"",""Nie wiem "",""Wendy’s"",""Nie wieM "",""Nie wiem""]","[""23"",""25"",""35""]","[""2"",""2"",""3"",""3"",""1"",""1""]","[""mcdonalds"",""kfc"",""subway"",""max burgers"",""popeyes"",""burger king""]",read
270,2025-04-15 10:05:33.346263+00,159,24,mezczyzna,2500-5000,miasto-500,raz-w-tygodniu,wyzsze,"[""Hard Rock Cafe"",""McDonald's"",""Burger King"",""KFC"",""Subway"",""Pizza Hut"",""Domino’s Pizza"",""Starbucks"",""Taco Bell"",""Dunkin"",""Popeyes"",""Five Guys"",""Shake Shack"",""Tim Hortons"",""Costa Coffee"",""Pret A Manger"",""Greggs"",""Jollibee"",""MOS Burger"",""Lotteria"",""Bar Mleczny"",""North Fish""]","[""KFC "",""Burger King"",""McDonald's "",""Subway"",""Taco Bell"",""Wendy's"",""max burger"",""Popeyes""]","[""18"",""20"",""30""]","[""2"",""1"",""1"",""3"",""3"",""1""]","[""mcdonalds"",""burger king"",""wendys"",""kfc"",""subway"",""max burgers"",""north fish"",""popeyes"",""five guys""]",read
271,2025-04-15 10:57:09.475916+00,44,24,mezczyzna,5000-7500,miasto-50-150,rzadziej-niz-raz-w-miesiacu,wyzsze,"[""McDonald's"",""KFC"",""Burger King"",""Subway""]","[""KFC"",""Burger King"",""McDonald's"",""Subway"",""nie wiem"",""nie wiem"",""Max Burgers"",""nie wiem""]","[""20"",""24"",""25""]","[""4"",""4"",""4"",""4"",""4"",""4""]","[""mcdonalds"",""burger king"",""kfc"",""subway"",""north fish""]",read
272,2025-04-15 11:50:32.726452+00,164,21,kobieta,ponizej-1000,miasto-500,rzadziej-niz-raz-w-miesiacu,w-trakcie-studiow,"[""McDonald’s"",""KFC"",""Burger King"",""Bobby Burger"",""Subway"",""Wendy’s""]","[""KFC"",""Burger King"",""McDonald’s"",""Subway"",""Taco Bell"",""Wendy’s"",""MAX Burgers"",""nie wiem ""]","[""20"",""30"",""25""]","[""4"",""3"",""2"",""1"",""1"",""3""]","[""mcdonalds""]",read
274,2025-04-15 12:04:28.815127+00,120,24,kobieta,2500-5000,miasto-500,raz-w-tygodniu,wyzsze,"[""McDonalds"",""KFC"",""Burger King"",""Wendy’s"",""Dunkin Donuts"",""Subway"",""Taco Bell"",""Dominos"",""Pizza Hut"",""Max Burgers"",""Popeyes""]","[""KFC"",""Burger King"",""McDonalds"",""Subway"",""Taco Bell"",""Wendy’s"",""Max Burgers"",""Popeyes""]","[""20"",""25"",""30""]","[""2"",""2"",""1"",""3"",""1"",""1""]","[""mcdonalds"",""burger king"",""wendys"",""kfc"",""subway"",""popeyes""]",read
275,2025-04-15 12:08:39.433721+00,13,23,kobieta,2500-5000,miasto-500,raz-w-tygodniu,w-trakcie-studiow,"[""McDonalds"",""KFC"",""Burger King"",""Taco Bell"",""Dominos Pizza"",""Silver Dragon""]","[""kfc"",""burger king"",""mcdonalds"",""subway"",""taco bell"",""nie wiem"",""max burger"",""nie wiem""]","[""18"",""22"",""28""]","[""2"",""3"",""1"",""1"",""3"",""2""]","[""mcdonalds"",""burger king"",""kfc"",""subway"",""five guys""]",read
276,2025-04-15 14:45:34.89424+00,180,23,mezczyzna,powyzej-10000,miasto-500,rzadziej-niz-raz-w-miesiacu,w-trakcie-studiow,"[""mc donalds"",""wkusno i toczka"",""kfc"",""max"",""bobby burger"",""kebab king""]","[""kfc"",""nie wiem"",""mc donald"",""subway"",""nie wiem"",""nie wiem"",""max"",""nie wiem""]","[""25"",""35"",""30""]","[""2"",""3"",""3"",""3"",""1"",""1""]","[""mcdonalds"",""burger king"",""kfc"",""subway"",""max burgers""]",read
278,2025-04-15 16:16:46.217503+00,122,24,kobieta,7500-10000,miast-50,rzadziej-niz-raz-w-miesiacu,wyzsze,"[""McDonald, burgerKing, KFC""]","[""KFC"",""BurgerKing"",""Mcdonald "",""Subway"",""Nie wiem"",""Nie wiem"",""Nie wiem"",""Nie wiem""]","[""40"",""50"",""60""]","[""4"",""4"",""4"",""4"",""4"",""4""]","[""mcdonalds"",""kfc""]",read
279,2025-04-15 17:27:15.297682+00,61,24,kobieta,1000-2500,miast-50,raz-w-miesiacu,srednie,"[""Mcdonald"",""Subway"",""Kfc"",""Burger king""]","[""Kfc"",""Burger king"",""Mcdonalds"",""Subway"",""Tacobell"",""Wendys"",""Max burger"",""Nie wiem""]","[""19"",""20"",""26""]","[""1"",""1"",""2"",""3"",""1"",""3""]","[""mcdonalds"",""kfc"",""subway""]",read
280,2025-04-15 20:21:14.703888+00,88,24,kobieta,2500-5000,wies,raz-w-miesiacu,wyzsze,"[""Macdonald, a"",""KFC"",""Burger King"",""Pizza Hut"",""Burger King""]","[""KFC "",""Burger King "",""Macdonald "",""Starbucks "",""Nie wiem "",""Bar mleczny "",""Max King "",""Nie wiem""]","[""21"",""22"",""34""]","[""2"",""2"",""3"",""3"",""1"",""1""]","[""mcdonalds"",""burger king"",""kfc"",""subway"",""max burgers""]",read
281,2025-04-16 05:21:41.334503+00,110,25,mezczyzna,2500-5000,miasto-500,raz-w-miesiacu,wyzsze,"[""Mcdonalds, kfc, Burger King, Wendy’s, poppeye’s, Taco Bell""]","[""KFC"",""Burger King"",""McDonald’s"",""Subway"",""Taco Bell"",""nie wiem"",""Maxxburgers"",""Popeye’s""]","[""14"",""15"",""23""]","[""1"",""2"",""4"",""3"",""1"",""3""]","[""mcdonalds"",""burger king"",""kfc"",""subway"",""max burgers"",""north fish"",""popeyes""]",read
283,2025-04-16 07:25:59.861994+00,184,23,kobieta,ponizej-1000,miasto-500,rzadziej-niz-raz-w-miesiacu,wyzsze,"[""Burger king"",""Kebab king"",""Kfc"",""Mcdonald""]","[""Kfc"",""Kfc"",""Mcdonalds"",""Subway"",""Tacobell"",""Nie wiem"",""Maxburger"",""Nie wiem""]","[""15"",""17"",""20""]","[""3"",""3"",""1"",""2"",""3"",""2""]","[""mcdonalds"",""kfc"",""subway""]",read
284,2025-04-16 08:27:02.528058+00,156,24,mezczyzna,2500-5000,miasto-500,raz-w-miesiacu,wyzsze,"[""KFC, Dunkin Donuts, McDonald, Maxx, Burger King, North Fish, Taco Bell, Wendy's, Popeye's, Raxx,""]","[""KFC"",""Burger King"",""McDonald"",""Subway"",""Taco Bell"",""Wendy's"",""Max"",""nie wiem""]","[""15"",""17"",""31""]","[""1"",""1"",""3"",""2"",""1"",""1""]","[""mcdonalds"",""burger king"",""kfc"",""max burgers""]",read
285,2025-04-16 09:22:24.951478+00,96,23,kobieta,2500-5000,miasto-500,raz-w-tygodniu,w-trakcie-studiow,"[""Poppy, Mc, KFC, Burger King, Subway""]","[""KFC"",""Burger King"",""McDonalds"",""Subway"",""Jakaś ametykańska"",""Wendy "",""MAX"",""NIe wiem""]","[""23"",""19"",""32""]","[""4"",""4"",""4"",""3"",""4"",""1""]","[""mcdonalds"",""kfc""]",read
286,2025-04-16 09:26:36.690721+00,75,24,kobieta,1000-2500,miasto-500,rzadziej-niz-raz-w-miesiacu,w-trakcie-studiow,"[""McDonald's"",""KFC"",""Burger King"",""North Fish""]","[""KFC"",""Burger King"",""McDonald's "",""Subway"",""Taco Ring"",""nie wiem "",""Max Burger"",""nie wiem""]","[""24"",""28"",""35""]","[""1"",""2"",""3"",""3"",""2"",""1""]","[""mcdonalds"",""burger king"",""kfc"",""max burgers""]",read
289,2025-04-16 17:30:55.929779+00,128,23,kobieta,2500-5000,miasto-500,raz-w-miesiacu,w-trakcie-studiow,"[""McDonald's, KFC, Burger King, Salad Story, The North Fish, In-And-Out, Wendy's, Shake Shack, Chick-a-filla""]","[""KFC"",""Burger King"",""McDonald's"",""Subway"",""Taco Bell"",""Wendy's"",""Max Burgers"",""nie wiem ""]","[""32"",""35"",""40""]","[""1"",""4"",""3"",""3"",""1"",""3""]","[""mcdonalds"",""burger king"",""kfc"",""north fish"",""five guys""]",read
296,2025-04-17 05:11:33.162932+00,166,25,kobieta,2500-5000,miasto-500,rzadziej-niz-raz-w-miesiacu,wyzsze,"[""subway"",""max premium burgers"",""McDonald's"",""kfc"",""dominos"",""papa johns"",""kfc""]","[""kfc"",""nie wiem "",""McDonald's "",""subway"",""taco bell"",""wendys"",""max premium burgers "",""nie wiem ""]","[""35"",""35"",""45""]","[""4"",""4"",""4"",""4"",""4"",""4""]","[""mcdonalds"",""burger king"",""kfc"",""subway"",""max burgers""]",read
297,2025-04-17 13:32:45.853686+00,24,33,kobieta,5000-7500,miasto-500,rzadziej-niz-raz-w-miesiacu,wyzsze,"[""Subway, KFC, Starbucks,  burger king, McDonald, zahir kebab""]","[""Kfc"",""Nie wiem "",""McDonald "",""Subway"",""Nie wiem"",""Nie wiem"",""Nie wiem "",""Nie wiem""]","[""12"",""12"",""25""]","[""3"",""2"",""1"",""1"",""3"",""4""]","[""mcdonalds"",""burger king"",""kfc"",""subway"",""north fish""]",read
298,2025-04-17 15:57:10.231362+00,126,24,kobieta,ponizej-1000,miasto-500,raz-w-miesiacu,w-trakcie-studiow,"[""max"",""mcdonalds"",""kfc"",""burger king"",""poppey""]","[""kfc"",""burger king"",""mcdonalds"",""subway"",""taco bell"",""wendy's"",""max"",""poppye""]","[""12"",""12"",""18""]","[""2"",""1"",""2"",""1"",""3"",""2""]","[""mcdonalds"",""burger king"",""kfc"",""subway"",""max burgers""]",read
299,2025-04-17 16:25:33.121447+00,26,23,kobieta,1000-2500,miasto-500,raz-w-miesiacu,w-trakcie-studiow,"[""Burger King,"",""Mcdonalds"",""Kfc"",""Wendy"",""Maxburgers"",""Poppys"",""5guys"",""Sybway""]","[""Kfc"",""Burgerking"",""McDonald's "",""Subway"",""Tacobell"",""Wendys "",""Max premium Burger"",""Poppys ""]","[""19"",""16"",""27""]","[""2"",""3"",""1"",""3"",""1"",""2""]","[""mcdonalds"",""burger king"",""kfc"",""subway"",""max burgers"",""north fish"",""popeyes"",""five guys""]",read
301,2025-04-17 21:14:26.45777+00,186,23,kobieta,ponizej-1000,miasto-500,rzadziej-niz-raz-w-miesiacu,w-trakcie-studiow,"[""McDonald, Burger King, Subway, Pasibus, SaladStory, Nordfish, Chipotle, Five Guys, Wendys, Popeyes, In'n'out, KFC""]","[""KFC"",""Burger King"",""McDonald's"",""Subway"",""Tacobell"",""Wendy's"",""MaxBurger"",""Popeyes""]","[""23"",""25"",""33""]","[""2"",""1"",""1"",""3"",""1"",""1""]","[""mcdonalds"",""burger king"",""kfc"",""subway"",""popeyes""]",read
302,2025-04-17 23:37:11.360461+00,65,24,mezczyzna,2500-5000,wies,rzadziej-niz-raz-w-miesiacu,w-trakcie-studiow,"[""Kebap""]","[""Kfc"",""Burger King"",""McDonald's"",""Subway Surfs"",""Cluckin Bell"",""Wensday "",""MAX BURGER "",""KFC""]","[""15"",""15"",""15""]","[""4"",""4"",""4"",""4"",""4"",""4""]","[""mcdonalds"",""burger king"",""wendys"",""kfc"",""max burgers"",""subway"",""north fish"",""popeyes"",""five guys""]",read